d_id	variant_id	n_alt_alleles	MANE_CT_gene	MANE_CT_consequence	MANE_CT_HGVSP_custom	REVEL	MANE_CT_am_pathogenicity	MANE_CT_lof
DEMO_08364	chr6:39021445:C:T	1	GLP1R	stop_gained	p.Arg176Ter	NA	NA	TRUE
DEMO_07331	chr6:39031882:GA:G	1	GLP1R	frameshift_variant	p.Leu247fs	NA	NA	TRUE
DEMO_04076	chr6:39044213:C:A	1	GLP1R	splice_donor_variant	p.?	NA	NA	TRUE
DEMO_03385	chr6:39019876:A:G	1	GLP1R	stop_gained	p.Trp112Ter	NA	NA	TRUE
DEMO_09085	chr6:39021445:C:T	1	GLP1R	stop_gained	p.Arg176Ter	NA	NA	TRUE
DEMO_08798	chr6:39031882:GA:G	1	GLP1R	frameshift_variant	p.Leu247fs	NA	NA	TRUE
DEMO_06190	chr6:39044213:C:A	1	GLP1R	splice_donor_variant	p.?	NA	NA	TRUE
DEMO_04175	chr6:39019876:A:G	1	GLP1R	stop_gained	p.Trp112Ter	NA	NA	TRUE
DEMO_02145	chr6:39021445:C:T	1	GLP1R	stop_gained	p.Arg176Ter	NA	NA	TRUE
DEMO_01385	chr6:39031882:GA:G	1	GLP1R	frameshift_variant	p.Leu247fs	NA	NA	TRUE
DEMO_08612	chr6:39044213:C:A	1	GLP1R	splice_donor_variant	p.?	NA	NA	TRUE
DEMO_00895	chr6:39019876:A:G	1	GLP1R	stop_gained	p.Trp112Ter	NA	NA	TRUE
DEMO_04775	chr6:39021445:C:T	1	GLP1R	stop_gained	p.Arg176Ter	NA	NA	TRUE
DEMO_03830	chr6:39031882:GA:G	1	GLP1R	frameshift_variant	p.Leu247fs	NA	NA	TRUE
DEMO_08030	chr6:39044213:C:A	1	GLP1R	splice_donor_variant	p.?	NA	NA	TRUE
DEMO_09344	chr6:39019876:A:G	1	GLP1R	stop_gained	p.Trp112Ter	NA	NA	TRUE
DEMO_00697	chr6:39021445:C:T	1	GLP1R	stop_gained	p.Arg176Ter	NA	NA	TRUE
DEMO_07190	chr6:39031882:GA:G	1	GLP1R	frameshift_variant	p.Leu247fs	NA	NA	TRUE
DEMO_03915	chr6:39044213:C:A	1	GLP1R	splice_donor_variant	p.?	NA	NA	TRUE
DEMO_01801	chr6:39019876:A:G	1	GLP1R	stop_gained	p.Trp112Ter	NA	NA	TRUE
DEMO_10702	chr6:39021445:C:T	1	GLP1R	stop_gained	p.Arg176Ter	NA	NA	TRUE
DEMO_14615	chr6:39031882:GA:G	1	GLP1R	frameshift_variant	p.Leu247fs	NA	NA	TRUE
DEMO_10608	chr6:39044213:C:A	1	GLP1R	splice_donor_variant	p.?	NA	NA	TRUE
DEMO_11293	chr6:39019876:A:G	1	GLP1R	stop_gained	p.Trp112Ter	NA	NA	TRUE
DEMO_11210	chr6:39021445:C:T	1	GLP1R	stop_gained	p.Arg176Ter	NA	NA	TRUE
DEMO_10379	chr6:39031882:GA:G	1	GLP1R	frameshift_variant	p.Leu247fs	NA	NA	TRUE
DEMO_11168	chr6:39044213:C:A	1	GLP1R	splice_donor_variant	p.?	NA	NA	TRUE
DEMO_10955	chr6:39019876:A:G	1	GLP1R	stop_gained	p.Trp112Ter	NA	NA	TRUE
DEMO_13052	chr6:39021445:C:T	1	GLP1R	stop_gained	p.Arg176Ter	NA	NA	TRUE
DEMO_12128	chr6:39031882:GA:G	1	GLP1R	frameshift_variant	p.Leu247fs	NA	NA	TRUE
DEMO_10503	chr6:39044213:C:A	1	GLP1R	splice_donor_variant	p.?	NA	NA	TRUE
DEMO_12814	chr6:39019876:A:G	1	GLP1R	stop_gained	p.Trp112Ter	NA	NA	TRUE
DEMO_12386	chr6:39021445:C:T	1	GLP1R	stop_gained	p.Arg176Ter	NA	NA	TRUE
DEMO_13896	chr6:39031882:GA:G	1	GLP1R	frameshift_variant	p.Leu247fs	NA	NA	TRUE
DEMO_11033	chr6:39044213:C:A	1	GLP1R	splice_donor_variant	p.?	NA	NA	TRUE
DEMO_14929	chr6:39019876:A:G	1	GLP1R	stop_gained	p.Trp112Ter	NA	NA	TRUE
DEMO_13740	chr6:39021445:C:T	1	GLP1R	stop_gained	p.Arg176Ter	NA	NA	TRUE
DEMO_15090	chr6:39031882:GA:G	1	GLP1R	frameshift_variant	p.Leu247fs	NA	NA	TRUE
DEMO_09296	chr6:39085942:C:T	1	GLP1R	missense_variant	p.Arg68Cys	0.62	0.48	FALSE
DEMO_02214	chr6:39085942:C:T	1	GLP1R	missense_variant	p.Arg68Cys	0.62	0.48	FALSE
DEMO_08441	chr6:39085942:C:T	1	GLP1R	missense_variant	p.Arg68Cys	0.62	0.48	FALSE
DEMO_06922	chr6:39085942:C:T	1	GLP1R	missense_variant	p.Arg68Cys	0.62	0.48	FALSE
DEMO_06331	chr6:39085942:C:T	1	GLP1R	missense_variant	p.Arg68Cys	0.62	0.48	FALSE
DEMO_07618	chr6:39085942:C:T	1	GLP1R	missense_variant	p.Arg68Cys	0.62	0.48	FALSE
DEMO_06387	chr6:39085942:C:T	1	GLP1R	missense_variant	p.Arg68Cys	0.62	0.48	FALSE
DEMO_04402	chr6:39085942:C:T	1	GLP1R	missense_variant	p.Arg68Cys	0.62	0.48	FALSE
DEMO_01572	chr6:39085942:C:T	1	GLP1R	missense_variant	p.Arg68Cys	0.62	0.48	FALSE
DEMO_03121	chr6:39085942:C:T	1	GLP1R	missense_variant	p.Arg68Cys	0.62	0.48	FALSE
DEMO_02422	chr6:39085942:C:T	1	GLP1R	missense_variant	p.Arg68Cys	0.62	0.48	FALSE
DEMO_08489	chr6:39085942:C:T	1	GLP1R	missense_variant	p.Arg68Cys	0.62	0.48	FALSE
DEMO_00515	chr6:39085942:C:T	1	GLP1R	missense_variant	p.Arg68Cys	0.62	0.48	FALSE
DEMO_09194	chr6:39085942:C:T	1	GLP1R	missense_variant	p.Arg68Cys	0.62	0.48	FALSE
DEMO_02389	chr6:39085942:C:T	1	GLP1R	missense_variant	p.Arg68Cys	0.62	0.48	FALSE
DEMO_01029	chr6:39085942:C:T	1	GLP1R	missense_variant	p.Arg68Cys	0.62	0.48	FALSE
DEMO_01959	chr6:39085942:C:T	1	GLP1R	missense_variant	p.Arg68Cys	0.62	0.48	FALSE
DEMO_05398	chr6:39085942:C:T	1	GLP1R	missense_variant	p.Arg68Cys	0.62	0.48	FALSE
DEMO_09207	chr6:39085942:C:T	1	GLP1R	missense_variant	p.Arg68Cys	0.62	0.48	FALSE
DEMO_01104	chr6:39085942:C:T	1	GLP1R	missense_variant	p.Arg68Cys	0.62	0.48	FALSE
DEMO_10886	chr6:39085942:C:T	1	GLP1R	missense_variant	p.Arg68Cys	0.62	0.48	FALSE
DEMO_14201	chr6:39085942:C:T	1	GLP1R	missense_variant	p.Arg68Cys	0.62	0.48	FALSE
DEMO_11450	chr6:39085942:C:T	1	GLP1R	missense_variant	p.Arg68Cys	0.62	0.48	FALSE
DEMO_13996	chr6:39085942:C:T	1	GLP1R	missense_variant	p.Arg68Cys	0.62	0.48	FALSE
DEMO_10837	chr6:39085942:C:T	1	GLP1R	missense_variant	p.Arg68Cys	0.62	0.48	FALSE
DEMO_13915	chr6:39085942:C:T	1	GLP1R	missense_variant	p.Arg68Cys	0.62	0.48	FALSE
DEMO_15145	chr6:39085942:C:T	1	GLP1R	missense_variant	p.Arg68Cys	0.62	0.48	FALSE
DEMO_15179	chr6:39085942:C:T	1	GLP1R	missense_variant	p.Arg68Cys	0.62	0.48	FALSE
DEMO_11134	chr6:39085942:C:T	1	GLP1R	missense_variant	p.Arg68Cys	0.62	0.48	FALSE
DEMO_12277	chr6:39085942:C:T	1	GLP1R	missense_variant	p.Arg68Cys	0.62	0.48	FALSE
DEMO_12124	chr6:39085942:C:T	1	GLP1R	missense_variant	p.Arg68Cys	0.62	0.48	FALSE
DEMO_13516	chr6:39085942:C:T	1	GLP1R	missense_variant	p.Arg68Cys	0.62	0.48	FALSE
DEMO_12496	chr6:39085942:C:T	1	GLP1R	missense_variant	p.Arg68Cys	0.62	0.48	FALSE
DEMO_14456	chr6:39085942:C:T	1	GLP1R	missense_variant	p.Arg68Cys	0.62	0.48	FALSE
DEMO_13819	chr6:39085942:C:T	1	GLP1R	missense_variant	p.Arg68Cys	0.62	0.48	FALSE
DEMO_12899	chr6:39085942:C:T	1	GLP1R	missense_variant	p.Arg68Cys	0.62	0.48	FALSE
DEMO_11225	chr6:39085942:C:T	1	GLP1R	missense_variant	p.Arg68Cys	0.62	0.48	FALSE
DEMO_14077	chr6:39085942:C:T	1	GLP1R	missense_variant	p.Arg68Cys	0.62	0.48	FALSE
DEMO_05732	chr6:39022100:G:A	1	GLP1R	missense_variant	p.Gly186Arg	0.81	0.71	FALSE
DEMO_09266	chr6:39027543:T:C	1	GLP1R	missense_variant	p.Ile241Thr	0.78	0.68	FALSE
DEMO_05816	chr6:39033291:A:T	1	GLP1R	missense_variant	p.Asn298Ile	0.76	0.65	FALSE
DEMO_05006	chr6:39040118:C:G	1	GLP1R	missense_variant	p.Pro347Ala	0.77	0.72	FALSE
DEMO_06541	chr6:39018774:G:C	1	GLP1R	missense_variant	p.Asp114His	0.79	0.69	FALSE
DEMO_05940	chr6:39046892:T:A	1	GLP1R	missense_variant	p.Leu385His	0.75	0.58	FALSE
DEMO_07456	chr6:39022100:G:A	1	GLP1R	missense_variant	p.Gly186Arg	0.81	0.71	FALSE
DEMO_01915	chr6:39027543:T:C	1	GLP1R	missense_variant	p.Ile241Thr	0.78	0.68	FALSE
DEMO_09210	chr6:39033291:A:T	1	GLP1R	missense_variant	p.Asn298Ile	0.76	0.65	FALSE
DEMO_01797	chr6:39040118:C:G	1	GLP1R	missense_variant	p.Pro347Ala	0.77	0.72	FALSE
DEMO_05274	chr6:39018774:G:C	1	GLP1R	missense_variant	p.Asp114His	0.79	0.69	FALSE
DEMO_08674	chr6:39046892:T:A	1	GLP1R	missense_variant	p.Leu385His	0.75	0.58	FALSE
DEMO_00751	chr6:39022100:G:A	1	GLP1R	missense_variant	p.Gly186Arg	0.81	0.71	FALSE
DEMO_07676	chr6:39027543:T:C	1	GLP1R	missense_variant	p.Ile241Thr	0.78	0.68	FALSE
DEMO_04907	chr6:39033291:A:T	1	GLP1R	missense_variant	p.Asn298Ile	0.76	0.65	FALSE
DEMO_00106	chr6:39040118:C:G	1	GLP1R	missense_variant	p.Pro347Ala	0.77	0.72	FALSE
DEMO_07610	chr6:39018774:G:C	1	GLP1R	missense_variant	p.Asp114His	0.79	0.69	FALSE
DEMO_00143	chr6:39046892:T:A	1	GLP1R	missense_variant	p.Leu385His	0.75	0.58	FALSE
DEMO_02055	chr6:39022100:G:A	1	GLP1R	missense_variant	p.Gly186Arg	0.81	0.71	FALSE
DEMO_04564	chr6:39027543:T:C	1	GLP1R	missense_variant	p.Ile241Thr	0.78	0.68	FALSE
DEMO_00452	chr6:39033291:A:T	1	GLP1R	missense_variant	p.Asn298Ile	0.76	0.65	FALSE
DEMO_00849	chr6:39040118:C:G	1	GLP1R	missense_variant	p.Pro347Ala	0.77	0.72	FALSE
DEMO_13131	chr6:39018774:G:C	1	GLP1R	missense_variant	p.Asp114His	0.79	0.69	FALSE
DEMO_14534	chr6:39046892:T:A	1	GLP1R	missense_variant	p.Leu385His	0.75	0.58	FALSE
DEMO_12014	chr6:39022100:G:A	1	GLP1R	missense_variant	p.Gly186Arg	0.81	0.71	FALSE
DEMO_10963	chr6:39027543:T:C	1	GLP1R	missense_variant	p.Ile241Thr	0.78	0.68	FALSE
DEMO_13958	chr6:39033291:A:T	1	GLP1R	missense_variant	p.Asn298Ile	0.76	0.65	FALSE
DEMO_11439	chr6:39040118:C:G	1	GLP1R	missense_variant	p.Pro347Ala	0.77	0.72	FALSE
DEMO_15464	chr6:39018774:G:C	1	GLP1R	missense_variant	p.Asp114His	0.79	0.69	FALSE
DEMO_14368	chr6:39046892:T:A	1	GLP1R	missense_variant	p.Leu385His	0.75	0.58	FALSE
DEMO_13678	chr6:39022100:G:A	1	GLP1R	missense_variant	p.Gly186Arg	0.81	0.71	FALSE
DEMO_12234	chr6:39027543:T:C	1	GLP1R	missense_variant	p.Ile241Thr	0.78	0.68	FALSE
DEMO_15513	chr6:39033291:A:T	1	GLP1R	missense_variant	p.Asn298Ile	0.76	0.65	FALSE
DEMO_13424	chr6:39040118:C:G	1	GLP1R	missense_variant	p.Pro347Ala	0.77	0.72	FALSE
DEMO_13071	chr6:39018774:G:C	1	GLP1R	missense_variant	p.Asp114His	0.79	0.69	FALSE
DEMO_14297	chr6:39046892:T:A	1	GLP1R	missense_variant	p.Leu385His	0.75	0.58	FALSE
DEMO_11847	chr6:39022100:G:A	1	GLP1R	missense_variant	p.Gly186Arg	0.81	0.71	FALSE
DEMO_13511	chr6:39027543:T:C	1	GLP1R	missense_variant	p.Ile241Thr	0.78	0.68	FALSE
DEMO_11806	chr6:39033291:A:T	1	GLP1R	missense_variant	p.Asn298Ile	0.76	0.65	FALSE
DEMO_15290	chr6:39040118:C:G	1	GLP1R	missense_variant	p.Pro347Ala	0.77	0.72	FALSE
DEMO_11519	chr6:39018774:G:C	1	GLP1R	missense_variant	p.Asp114His	0.79	0.69	FALSE
DEMO_13428	chr6:39046892:T:A	1	GLP1R	missense_variant	p.Leu385His	0.75	0.58	FALSE
DEMO_09413	chr6:39085942:C:T	1	GLP1R	missense_variant	p.Arg68Cys	0.62	0.48	FALSE
DEMO_02345	chr6:39085942:C:T	1	GLP1R	missense_variant	p.Arg68Cys	0.62	0.48	FALSE
DEMO_01211	chr6:39050341:C:T	1	GLP1R	missense_variant	p.Pro412Leu	0.58	0.42	FALSE
DEMO_04721	chr6:39023654:A:G	1	GLP1R	missense_variant	p.Ile201Val	0.52	0.37	FALSE
DEMO_07581	chr6:39029877:G:A	1	GLP1R	missense_variant	p.Ala261Thr	0.49	0.35	FALSE
DEMO_02181	chr6:39035100:T:C	1	GLP1R	missense_variant	p.Tyr321His	0.44	0.34	FALSE
DEMO_06294	chr6:39037826:G:T	1	GLP1R	missense_variant	p.Glu341Asp	0.3	0.22	FALSE
DEMO_08625	chr6:39042019:C:A	1	GLP1R	missense_variant	p.Arg367Ser	0.28	0.18	FALSE
DEMO_02387	chr6:39085942:C:T	1	GLP1R	missense_variant	p.Arg68Cys	0.62	0.48	FALSE
DEMO_02034	chr6:39085942:C:T	1	GLP1R	missense_variant	p.Arg68Cys	0.62	0.48	FALSE
DEMO_04557	chr6:39050341:C:T	1	GLP1R	missense_variant	p.Pro412Leu	0.58	0.42	FALSE
DEMO_02442	chr6:39023654:A:G	1	GLP1R	missense_variant	p.Ile201Val	0.52	0.37	FALSE
DEMO_00888	chr6:39029877:G:A	1	GLP1R	missense_variant	p.Ala261Thr	0.49	0.35	FALSE
DEMO_04789	chr6:39035100:T:C	1	GLP1R	missense_variant	p.Tyr321His	0.44	0.34	FALSE
DEMO_06668	chr6:39037826:G:T	1	GLP1R	missense_variant	p.Glu341Asp	0.3	0.22	FALSE
DEMO_01435	chr6:39042019:C:A	1	GLP1R	missense_variant	p.Arg367Ser	0.28	0.18	FALSE
DEMO_01496	chr6:39085942:C:T	1	GLP1R	missense_variant	p.Arg68Cys	0.62	0.48	FALSE
DEMO_06235	chr6:39085942:C:T	1	GLP1R	missense_variant	p.Arg68Cys	0.62	0.48	FALSE
DEMO_06607	chr6:39050341:C:T	1	GLP1R	missense_variant	p.Pro412Leu	0.58	0.42	FALSE
DEMO_05335	chr6:39023654:A:G	1	GLP1R	missense_variant	p.Ile201Val	0.52	0.37	FALSE
DEMO_00343	chr6:39029877:G:A	1	GLP1R	missense_variant	p.Ala261Thr	0.49	0.35	FALSE
DEMO_03561	chr6:39035100:T:C	1	GLP1R	missense_variant	p.Tyr321His	0.44	0.34	FALSE
DEMO_14325	chr6:39037826:G:T	1	GLP1R	missense_variant	p.Glu341Asp	0.3	0.22	FALSE
DEMO_10355	chr6:39042019:C:A	1	GLP1R	missense_variant	p.Arg367Ser	0.28	0.18	FALSE
DEMO_13385	chr6:39085942:C:T	1	GLP1R	missense_variant	p.Arg68Cys	0.62	0.48	FALSE
DEMO_12896	chr6:39085942:C:T	1	GLP1R	missense_variant	p.Arg68Cys	0.62	0.48	FALSE
DEMO_15324	chr6:39050341:C:T	1	GLP1R	missense_variant	p.Pro412Leu	0.58	0.42	FALSE
DEMO_14161	chr6:39023654:A:G	1	GLP1R	missense_variant	p.Ile201Val	0.52	0.37	FALSE
DEMO_13978	chr6:39029877:G:A	1	GLP1R	missense_variant	p.Ala261Thr	0.49	0.35	FALSE
DEMO_15590	chr6:39035100:T:C	1	GLP1R	missense_variant	p.Tyr321His	0.44	0.34	FALSE
DEMO_12001	chr6:39037826:G:T	1	GLP1R	missense_variant	p.Glu341Asp	0.3	0.22	FALSE
DEMO_14807	chr6:39042019:C:A	1	GLP1R	missense_variant	p.Arg367Ser	0.28	0.18	FALSE
DEMO_13944	chr6:39085942:C:T	1	GLP1R	missense_variant	p.Arg68Cys	0.62	0.48	FALSE
DEMO_11268	chr6:39085942:C:T	1	GLP1R	missense_variant	p.Arg68Cys	0.62	0.48	FALSE
DEMO_11561	chr6:39050341:C:T	1	GLP1R	missense_variant	p.Pro412Leu	0.58	0.42	FALSE
DEMO_12092	chr6:39023654:A:G	1	GLP1R	missense_variant	p.Ile201Val	0.52	0.37	FALSE
DEMO_12766	chr6:39029877:G:A	1	GLP1R	missense_variant	p.Ala261Thr	0.49	0.35	FALSE
DEMO_14622	chr6:39035100:T:C	1	GLP1R	missense_variant	p.Tyr321His	0.44	0.34	FALSE
DEMO_11012	chr6:39037826:G:T	1	GLP1R	missense_variant	p.Glu341Asp	0.3	0.22	FALSE
DEMO_13388	chr6:39042019:C:A	1	GLP1R	missense_variant	p.Arg367Ser	0.28	0.18	FALSE
DEMO_11794	chr6:39085942:C:T	1	GLP1R	missense_variant	p.Arg68Cys	0.62	0.48	FALSE
DEMO_13183	chr6:39085942:C:T	1	GLP1R	missense_variant	p.Arg68Cys	0.62	0.48	FALSE
DEMO_06258	chr6:39048733:A:G	1	GLP1R	missense_variant	p.Met398Val	0.22	0.15	FALSE
DEMO_09584	chr6:39053410:T:C	1	GLP1R	missense_variant	p.Lys422Arg	0.19	0.12	FALSE
DEMO_05286	chr6:39048733:A:G	1	GLP1R	missense_variant	p.Met398Val	0.22	0.15	FALSE
DEMO_05861	chr6:39053410:T:C	1	GLP1R	missense_variant	p.Lys422Arg	0.19	0.12	FALSE
DEMO_00977	chr6:39048733:A:G	1	GLP1R	missense_variant	p.Met398Val	0.22	0.15	FALSE
DEMO_00520	chr6:39053410:T:C	1	GLP1R	missense_variant	p.Lys422Arg	0.19	0.12	FALSE
DEMO_01866	chr6:39048733:A:G	1	GLP1R	missense_variant	p.Met398Val	0.22	0.15	FALSE
DEMO_05688	chr6:39053410:T:C	1	GLP1R	missense_variant	p.Lys422Arg	0.19	0.12	FALSE
DEMO_03298	chr6:39048733:A:G	1	GLP1R	missense_variant	p.Met398Val	0.22	0.15	FALSE
DEMO_00453	chr6:39053410:T:C	1	GLP1R	missense_variant	p.Lys422Arg	0.19	0.12	FALSE
DEMO_00312	chr6:39048733:A:G	1	GLP1R	missense_variant	p.Met398Val	0.22	0.15	FALSE
DEMO_08619	chr6:39053410:T:C	1	GLP1R	missense_variant	p.Lys422Arg	0.19	0.12	FALSE
DEMO_14338	chr6:39048733:A:G	1	GLP1R	missense_variant	p.Met398Val	0.22	0.15	FALSE
DEMO_15309	chr6:39053410:T:C	1	GLP1R	missense_variant	p.Lys422Arg	0.19	0.12	FALSE
DEMO_13462	chr6:39048733:A:G	1	GLP1R	missense_variant	p.Met398Val	0.22	0.15	FALSE
DEMO_14301	chr6:39053410:T:C	1	GLP1R	missense_variant	p.Lys422Arg	0.19	0.12	FALSE
DEMO_11967	chr6:39048733:A:G	1	GLP1R	missense_variant	p.Met398Val	0.22	0.15	FALSE
DEMO_13282	chr6:39053410:T:C	1	GLP1R	missense_variant	p.Lys422Arg	0.19	0.12	FALSE
DEMO_11875	chr6:39048733:A:G	1	GLP1R	missense_variant	p.Met398Val	0.22	0.15	FALSE
DEMO_11838	chr6:39053410:T:C	1	GLP1R	missense_variant	p.Lys422Arg	0.19	0.12	FALSE
DEMO_12917	chr6:39048733:A:G	1	GLP1R	missense_variant	p.Met398Val	0.22	0.15	FALSE
DEMO_10880	chr6:39053410:T:C	1	GLP1R	missense_variant	p.Lys422Arg	0.19	0.12	FALSE
