d_id	n_alt_alleles
DEMO_09296	1
DEMO_02214	1
DEMO_08441	1
DEMO_06922	1
DEMO_06331	1
DEMO_07618	1
DEMO_06387	1
DEMO_04402	1
DEMO_01572	1
DEMO_03121	1
DEMO_02422	1
DEMO_08489	1
DEMO_00515	1
DEMO_09194	1
DEMO_02389	1
DEMO_01029	1
DEMO_01959	1
DEMO_05398	1
DEMO_09207	1
DEMO_01104	1
DEMO_10886	1
DEMO_14201	1
DEMO_11450	1
DEMO_13996	1
DEMO_10837	1
DEMO_13915	1
DEMO_15145	1
DEMO_15179	1
DEMO_11134	1
DEMO_12277	1
DEMO_12124	1
DEMO_13516	1
DEMO_12496	1
DEMO_14456	1
DEMO_13819	1
DEMO_12899	1
DEMO_11225	1
DEMO_14077	1
