person_source_value	meets_any_7_90_within_90d_index
DEMO_09601	1
DEMO_09602	1
DEMO_09603	1
DEMO_09604	1
DEMO_09605	1
DEMO_09606	1
DEMO_09607	1
DEMO_09608	1
DEMO_09609	1
DEMO_09610	1
DEMO_09611	1
DEMO_09612	1
DEMO_09613	1
DEMO_09614	1
DEMO_09615	1
DEMO_09616	1
DEMO_09617	1
DEMO_09618	1
DEMO_09619	1
DEMO_09620	1
DEMO_09621	1
DEMO_09622	1
DEMO_09623	1
DEMO_09624	1
DEMO_09625	1
DEMO_09626	1
DEMO_09627	1
DEMO_09628	1
DEMO_09629	1
DEMO_09630	1
DEMO_09631	1
DEMO_09632	1
DEMO_09633	1
DEMO_09634	1
DEMO_09635	1
DEMO_09636	1
DEMO_09637	1
DEMO_09638	1
DEMO_09639	1
DEMO_09640	1
DEMO_09641	1
DEMO_09642	1
DEMO_09643	1
DEMO_09644	1
DEMO_09645	1
DEMO_09646	1
DEMO_09647	1
DEMO_09648	1
DEMO_09649	1
DEMO_09650	1
DEMO_09651	1
DEMO_09652	1
DEMO_09653	1
DEMO_09654	1
DEMO_09655	1
DEMO_09656	1
DEMO_09657	1
DEMO_09658	1
DEMO_09659	1
DEMO_09660	1
DEMO_09661	1
DEMO_09662	1
DEMO_09663	1
DEMO_09664	1
DEMO_09665	1
DEMO_09666	1
DEMO_09667	1
DEMO_09668	1
DEMO_09669	1
DEMO_09670	1
DEMO_09671	1
DEMO_09672	1
DEMO_09673	1
DEMO_09674	1
DEMO_09675	1
DEMO_09676	1
DEMO_09677	1
DEMO_09678	1
DEMO_09679	1
DEMO_09680	1
DEMO_09681	1
DEMO_09682	1
DEMO_09683	1
DEMO_09684	1
DEMO_09685	1
DEMO_09686	1
DEMO_09687	1
DEMO_09688	1
DEMO_09689	1
DEMO_09690	1
DEMO_09691	1
DEMO_09692	1
DEMO_09693	1
DEMO_09694	1
DEMO_09695	1
DEMO_09696	1
DEMO_09697	1
DEMO_09698	1
DEMO_09699	1
DEMO_09700	1
DEMO_09701	1
DEMO_09702	1
DEMO_09703	1
DEMO_09704	1
DEMO_09705	1
DEMO_09706	1
DEMO_09707	1
DEMO_09708	1
DEMO_09709	1
DEMO_09710	1
DEMO_09711	1
DEMO_09712	1
DEMO_09713	1
DEMO_09714	1
DEMO_09715	1
DEMO_09716	1
DEMO_09717	1
DEMO_09718	1
DEMO_09719	1
DEMO_09720	1
DEMO_09721	1
DEMO_09722	1
DEMO_09723	1
DEMO_09724	1
DEMO_09725	1
DEMO_09726	1
DEMO_09727	1
DEMO_09728	1
DEMO_09729	1
DEMO_09730	1
DEMO_09731	1
DEMO_09732	1
DEMO_09733	1
DEMO_09734	1
DEMO_09735	1
DEMO_09736	1
DEMO_09737	1
DEMO_09738	1
DEMO_09739	1
DEMO_09740	1
DEMO_09741	1
DEMO_09742	1
DEMO_09743	1
DEMO_09744	1
DEMO_09745	1
DEMO_09746	1
DEMO_09747	1
DEMO_09748	1
DEMO_09749	1
DEMO_09750	1
DEMO_09751	1
DEMO_09752	1
DEMO_09753	1
DEMO_09754	1
DEMO_09755	1
DEMO_09756	1
DEMO_09757	1
DEMO_09758	1
DEMO_09759	1
DEMO_09760	1
DEMO_09761	1
DEMO_09762	1
DEMO_09763	1
DEMO_09764	1
DEMO_09765	1
DEMO_09766	1
DEMO_09767	1
DEMO_09768	1
DEMO_09769	1
DEMO_09770	1
DEMO_09771	1
DEMO_09772	1
DEMO_09773	1
DEMO_09774	1
DEMO_09775	1
DEMO_09776	1
DEMO_09777	1
DEMO_09778	1
DEMO_09779	1
DEMO_09780	1
DEMO_09781	1
DEMO_09782	1
DEMO_09783	1
DEMO_09784	1
DEMO_09785	1
DEMO_09786	1
DEMO_09787	1
DEMO_09788	1
DEMO_09789	1
DEMO_09790	1
DEMO_09791	1
DEMO_09792	1
DEMO_09793	1
DEMO_09794	1
DEMO_09795	1
DEMO_09796	1
DEMO_09797	1
DEMO_09798	1
DEMO_09799	1
DEMO_09800	1
DEMO_09801	1
DEMO_09802	1
DEMO_09803	1
DEMO_09804	1
DEMO_09805	1
DEMO_09806	1
DEMO_09807	1
DEMO_09808	1
DEMO_09809	1
DEMO_09810	1
DEMO_09811	1
DEMO_09812	1
DEMO_09813	1
DEMO_09814	1
DEMO_09815	1
DEMO_09816	1
DEMO_09817	1
DEMO_09818	1
DEMO_09819	1
DEMO_09820	1
DEMO_09821	1
DEMO_09822	1
DEMO_09823	1
DEMO_09824	1
DEMO_09825	1
DEMO_09826	1
DEMO_09827	1
DEMO_09828	1
DEMO_09829	1
DEMO_09830	1
DEMO_09831	1
DEMO_09832	1
DEMO_09833	1
DEMO_09834	1
DEMO_09835	1
DEMO_09836	1
DEMO_09837	1
DEMO_09838	1
DEMO_09839	1
DEMO_09840	1
DEMO_09841	1
DEMO_09842	1
DEMO_09843	1
DEMO_09844	1
DEMO_09845	1
DEMO_09846	1
DEMO_09847	1
DEMO_09848	1
DEMO_09849	1
DEMO_09850	1
DEMO_09851	1
DEMO_09852	1
DEMO_09853	1
DEMO_09854	1
DEMO_09855	1
DEMO_09856	1
DEMO_09857	1
DEMO_09858	1
DEMO_09859	1
DEMO_09860	1
DEMO_09861	1
DEMO_09862	1
DEMO_09863	1
DEMO_09864	1
DEMO_09865	1
DEMO_09866	1
DEMO_09867	1
DEMO_09868	1
DEMO_09869	1
DEMO_09870	1
DEMO_09871	1
DEMO_09872	1
DEMO_09873	1
DEMO_09874	1
DEMO_09875	1
DEMO_09876	1
DEMO_09877	1
DEMO_09878	1
DEMO_09879	1
DEMO_09880	1
DEMO_09881	1
DEMO_09882	1
DEMO_09883	1
DEMO_09884	1
DEMO_09885	1
DEMO_09886	1
DEMO_09887	1
DEMO_09888	1
DEMO_09889	1
DEMO_09890	1
DEMO_09891	1
DEMO_09892	1
DEMO_09893	1
DEMO_09894	1
DEMO_09895	1
DEMO_09896	1
DEMO_09897	1
DEMO_09898	1
DEMO_09899	1
DEMO_09900	1
DEMO_09901	1
DEMO_09902	1
DEMO_09903	1
DEMO_09904	1
DEMO_09905	1
DEMO_09906	1
DEMO_09907	1
DEMO_09908	1
DEMO_09909	1
DEMO_09910	1
DEMO_09911	1
DEMO_09912	1
DEMO_09913	1
DEMO_09914	1
DEMO_09915	1
DEMO_09916	1
DEMO_09917	1
DEMO_09918	1
DEMO_09919	1
DEMO_09920	1
DEMO_09921	1
DEMO_09922	1
DEMO_09923	1
DEMO_09924	1
DEMO_09925	1
DEMO_09926	1
DEMO_09927	1
DEMO_09928	1
DEMO_09929	1
DEMO_09930	1
DEMO_09931	1
DEMO_09932	1
DEMO_09933	1
DEMO_09934	1
DEMO_09935	1
DEMO_09936	1
DEMO_09937	1
DEMO_09938	1
DEMO_09939	1
DEMO_09940	1
DEMO_09941	1
DEMO_09942	1
DEMO_09943	1
DEMO_09944	1
DEMO_09945	1
DEMO_09946	1
DEMO_09947	1
DEMO_09948	1
DEMO_09949	1
DEMO_09950	1
DEMO_09951	1
DEMO_09952	1
DEMO_09953	1
DEMO_09954	1
DEMO_09955	1
DEMO_09956	1
DEMO_09957	1
DEMO_09958	1
DEMO_09959	1
DEMO_09960	1
DEMO_09961	1
DEMO_09962	1
DEMO_09963	1
DEMO_09964	1
DEMO_09965	1
DEMO_09966	1
DEMO_09967	1
DEMO_09968	1
DEMO_09969	1
DEMO_09970	1
DEMO_09971	1
DEMO_09972	1
DEMO_09973	1
DEMO_09974	1
DEMO_09975	1
DEMO_09976	1
DEMO_09977	1
DEMO_09978	1
DEMO_09979	1
DEMO_09980	1
DEMO_09981	1
DEMO_09982	1
DEMO_09983	1
DEMO_09984	1
DEMO_09985	1
DEMO_09986	1
DEMO_09987	1
DEMO_09988	1
DEMO_09989	1
DEMO_09990	1
DEMO_09991	1
DEMO_09992	1
DEMO_09993	1
DEMO_09994	1
DEMO_09995	1
DEMO_09996	1
DEMO_09997	1
DEMO_09998	1
DEMO_09999	1
DEMO_10000	1
DEMO_10001	1
DEMO_10002	1
DEMO_10003	1
DEMO_10004	1
DEMO_10005	1
DEMO_10006	1
DEMO_10007	1
DEMO_10008	1
DEMO_10009	1
DEMO_10010	1
DEMO_10011	1
DEMO_10012	1
DEMO_10013	1
DEMO_10014	1
DEMO_10015	1
DEMO_10016	1
DEMO_10017	1
DEMO_10018	1
DEMO_10019	1
DEMO_10020	1
DEMO_10021	1
DEMO_10022	1
DEMO_10023	1
DEMO_10024	1
DEMO_10025	1
DEMO_10026	1
DEMO_10027	1
DEMO_10028	1
DEMO_10029	1
DEMO_10030	1
DEMO_10031	1
DEMO_10032	1
DEMO_10033	1
DEMO_10034	1
DEMO_10035	1
DEMO_10036	1
DEMO_10037	1
DEMO_10038	1
DEMO_10039	1
DEMO_10040	1
DEMO_10041	1
DEMO_10042	1
DEMO_10043	1
DEMO_10044	1
DEMO_10045	1
DEMO_10046	1
DEMO_10047	1
DEMO_10048	1
DEMO_10049	1
DEMO_10050	1
DEMO_10051	1
DEMO_10052	1
DEMO_10053	1
DEMO_10054	1
DEMO_10055	1
DEMO_10056	1
DEMO_10057	1
DEMO_10058	1
DEMO_10059	1
DEMO_10060	1
DEMO_10061	1
DEMO_10062	1
DEMO_10063	1
DEMO_10064	1
DEMO_10065	1
DEMO_10066	1
DEMO_10067	1
DEMO_10068	1
DEMO_10069	1
DEMO_10070	1
DEMO_10071	1
DEMO_10072	1
DEMO_10073	1
DEMO_10074	1
DEMO_10075	1
DEMO_10076	1
DEMO_10077	1
DEMO_10078	1
DEMO_10079	1
DEMO_10080	1
DEMO_10081	1
DEMO_10082	1
DEMO_10083	1
DEMO_10084	1
DEMO_10085	1
DEMO_10086	1
DEMO_10087	1
DEMO_10088	1
DEMO_10089	1
DEMO_10090	1
DEMO_10091	1
DEMO_10092	1
DEMO_10093	1
DEMO_10094	1
DEMO_10095	1
DEMO_10096	1
DEMO_10097	1
DEMO_10098	1
DEMO_10099	1
DEMO_10100	1
DEMO_10101	1
DEMO_10102	1
DEMO_10103	1
DEMO_10104	1
DEMO_10105	1
DEMO_10106	1
DEMO_10107	1
DEMO_10108	1
DEMO_10109	1
DEMO_10110	1
DEMO_10111	1
DEMO_10112	1
DEMO_10113	1
DEMO_10114	1
DEMO_10115	1
DEMO_10116	1
DEMO_10117	1
DEMO_10118	1
DEMO_10119	1
DEMO_10120	1
DEMO_10121	1
DEMO_10122	1
DEMO_10123	1
DEMO_10124	1
DEMO_10125	1
DEMO_10126	1
DEMO_10127	1
DEMO_10128	1
DEMO_10129	1
DEMO_10130	1
DEMO_10131	1
DEMO_10132	1
DEMO_10133	1
DEMO_10134	1
DEMO_10135	1
DEMO_10136	1
DEMO_10137	1
DEMO_10138	1
DEMO_10139	1
DEMO_10140	1
DEMO_10141	1
DEMO_10142	1
DEMO_10143	1
DEMO_10144	1
DEMO_10145	1
DEMO_10146	1
DEMO_10147	1
DEMO_10148	1
DEMO_10149	1
DEMO_10150	1
DEMO_10151	1
DEMO_10152	1
DEMO_10153	1
DEMO_10154	1
DEMO_10155	1
DEMO_10156	1
DEMO_10157	1
DEMO_10158	1
DEMO_10159	1
DEMO_10160	1
DEMO_10161	1
DEMO_10162	1
DEMO_10163	1
DEMO_10164	1
DEMO_10165	1
DEMO_10166	1
DEMO_10167	1
DEMO_10168	1
DEMO_10169	1
DEMO_10170	1
DEMO_10171	1
DEMO_10172	1
DEMO_10173	1
DEMO_10174	1
DEMO_10175	1
DEMO_10176	1
DEMO_10177	1
DEMO_10178	1
DEMO_10179	1
DEMO_10180	1
DEMO_10181	1
DEMO_10182	1
DEMO_10183	1
DEMO_10184	1
DEMO_10185	1
DEMO_10186	1
DEMO_10187	1
DEMO_10188	1
DEMO_10189	1
DEMO_10190	1
DEMO_10191	1
DEMO_10192	1
DEMO_10193	1
DEMO_10194	1
DEMO_10195	1
DEMO_10196	1
DEMO_10197	1
DEMO_10198	1
DEMO_10199	1
DEMO_10200	1
DEMO_10201	1
DEMO_10202	1
DEMO_10203	1
DEMO_10204	1
DEMO_10205	1
DEMO_10206	1
DEMO_10207	1
DEMO_10208	1
DEMO_10209	1
DEMO_10210	1
DEMO_10211	1
DEMO_10212	1
DEMO_10213	1
DEMO_10214	1
DEMO_10215	1
DEMO_10216	1
DEMO_10217	1
DEMO_10218	1
DEMO_10219	1
DEMO_10220	1
DEMO_10221	1
DEMO_10222	1
DEMO_10223	1
DEMO_10224	1
DEMO_10225	1
DEMO_10226	1
DEMO_10227	1
DEMO_10228	1
DEMO_10229	1
DEMO_10230	1
DEMO_10231	1
DEMO_10232	1
DEMO_10233	1
DEMO_10234	1
DEMO_10235	1
DEMO_10236	1
DEMO_10237	1
DEMO_10238	1
DEMO_10239	1
DEMO_10240	1
DEMO_10241	1
DEMO_10242	1
DEMO_10243	1
DEMO_10244	1
DEMO_10245	1
DEMO_10246	1
DEMO_10247	1
DEMO_10248	1
DEMO_10249	1
DEMO_10250	1
DEMO_10251	1
DEMO_10252	1
DEMO_10253	1
DEMO_10254	1
DEMO_10255	1
DEMO_10256	1
DEMO_10257	1
DEMO_10258	1
DEMO_10259	1
DEMO_10260	1
DEMO_10261	1
DEMO_10262	1
DEMO_10263	1
DEMO_10264	1
DEMO_10265	1
DEMO_10266	1
DEMO_10267	1
DEMO_10268	1
DEMO_10269	1
DEMO_10270	1
DEMO_10271	1
DEMO_10272	1
DEMO_10273	1
DEMO_10274	1
DEMO_10275	1
DEMO_10276	1
DEMO_10277	1
DEMO_10278	1
DEMO_10279	1
DEMO_10280	1
DEMO_10281	1
DEMO_10282	1
DEMO_10283	1
DEMO_10284	1
DEMO_10285	1
DEMO_10286	1
DEMO_10287	1
DEMO_10288	1
DEMO_10289	1
DEMO_10290	1
DEMO_10291	1
DEMO_10292	1
DEMO_10293	1
DEMO_10294	1
DEMO_10295	1
DEMO_10296	1
DEMO_10297	1
DEMO_10298	1
DEMO_10299	1
DEMO_10300	1
DEMO_10301	1
DEMO_10302	1
DEMO_10303	1
DEMO_10304	1
DEMO_10305	1
DEMO_10306	1
DEMO_10307	1
DEMO_10308	1
DEMO_10309	1
DEMO_10310	1
DEMO_10311	1
DEMO_10312	1
DEMO_10313	1
DEMO_10314	1
DEMO_10315	1
DEMO_10316	1
DEMO_10317	1
DEMO_10318	1
DEMO_10319	1
DEMO_10320	1
DEMO_10321	1
DEMO_10322	1
DEMO_10323	1
DEMO_10324	1
DEMO_10325	1
DEMO_10326	1
DEMO_10327	1
DEMO_10328	1
DEMO_10329	1
DEMO_10330	1
DEMO_10331	1
DEMO_10332	1
DEMO_10333	1
DEMO_10334	1
DEMO_10335	1
DEMO_10336	1
DEMO_10337	1
DEMO_10338	1
DEMO_10339	1
DEMO_10340	1
DEMO_10341	1
DEMO_10342	1
DEMO_10343	1
DEMO_10344	1
DEMO_10345	1
DEMO_10346	1
DEMO_10347	1
DEMO_10348	1
DEMO_10349	1
DEMO_10350	1
DEMO_10351	1
DEMO_10352	1
DEMO_10353	1
DEMO_10354	1
DEMO_10355	1
DEMO_10356	1
DEMO_10357	1
DEMO_10358	1
DEMO_10359	1
DEMO_10360	1
DEMO_10361	1
DEMO_10362	1
DEMO_10363	1
DEMO_10364	1
DEMO_10365	1
DEMO_10366	1
DEMO_10367	1
DEMO_10368	1
DEMO_10369	1
DEMO_10370	1
DEMO_10371	1
DEMO_10372	1
DEMO_10373	1
DEMO_10374	1
DEMO_10375	1
DEMO_10376	1
DEMO_10377	1
DEMO_10378	1
DEMO_10379	1
DEMO_10380	1
DEMO_10381	1
DEMO_10382	1
DEMO_10383	1
DEMO_10384	1
DEMO_10385	1
DEMO_10386	1
DEMO_10387	1
DEMO_10388	1
DEMO_10389	1
DEMO_10390	1
DEMO_10391	1
DEMO_10392	1
DEMO_10393	1
DEMO_10394	1
DEMO_10395	1
DEMO_10396	1
DEMO_10397	1
DEMO_10398	1
DEMO_10399	1
DEMO_10400	1
DEMO_10401	1
DEMO_10402	1
DEMO_10403	1
DEMO_10404	1
DEMO_10405	1
DEMO_10406	1
DEMO_10407	1
DEMO_10408	1
DEMO_10409	1
DEMO_10410	1
DEMO_10411	1
DEMO_10412	1
DEMO_10413	1
DEMO_10414	1
DEMO_10415	1
DEMO_10416	1
DEMO_10417	1
DEMO_10418	1
DEMO_10419	1
DEMO_10420	1
DEMO_10421	1
DEMO_10422	1
DEMO_10423	1
DEMO_10424	1
DEMO_10425	1
DEMO_10426	1
DEMO_10427	1
DEMO_10428	1
DEMO_10429	1
DEMO_10430	1
DEMO_10431	1
DEMO_10432	1
DEMO_10433	1
DEMO_10434	1
DEMO_10435	1
DEMO_10436	1
DEMO_10437	1
DEMO_10438	1
DEMO_10439	1
DEMO_10440	1
DEMO_10441	1
DEMO_10442	1
DEMO_10443	1
DEMO_10444	1
DEMO_10445	1
DEMO_10446	1
DEMO_10447	1
DEMO_10448	1
DEMO_10449	1
DEMO_10450	1
DEMO_10451	1
DEMO_10452	1
DEMO_10453	1
DEMO_10454	1
DEMO_10455	1
DEMO_10456	1
DEMO_10457	1
DEMO_10458	1
DEMO_10459	1
DEMO_10460	1
DEMO_10461	1
DEMO_10462	1
DEMO_10463	1
DEMO_10464	1
DEMO_10465	1
DEMO_10466	1
DEMO_10467	1
DEMO_10468	1
DEMO_10469	1
DEMO_10470	1
DEMO_10471	1
DEMO_10472	1
DEMO_10473	1
DEMO_10474	1
DEMO_10475	1
DEMO_10476	1
DEMO_10477	1
DEMO_10478	1
DEMO_10479	1
DEMO_10480	1
DEMO_10481	1
DEMO_10482	1
DEMO_10483	1
DEMO_10484	1
DEMO_10485	1
DEMO_10486	1
DEMO_10487	1
DEMO_10488	1
DEMO_10489	1
DEMO_10490	1
DEMO_10491	1
DEMO_10492	1
DEMO_10493	1
DEMO_10494	1
DEMO_10495	1
DEMO_10496	1
DEMO_10497	1
DEMO_10498	1
DEMO_10499	1
DEMO_10500	1
DEMO_10501	1
DEMO_10502	1
DEMO_10503	1
DEMO_10504	1
DEMO_10505	1
DEMO_10506	1
DEMO_10507	1
DEMO_10508	1
DEMO_10509	1
DEMO_10510	1
DEMO_10511	1
DEMO_10512	1
DEMO_10513	1
DEMO_10514	1
DEMO_10515	1
DEMO_10516	1
DEMO_10517	1
DEMO_10518	1
DEMO_10519	1
DEMO_10520	1
DEMO_10521	1
DEMO_10522	1
DEMO_10523	1
DEMO_10524	1
DEMO_10525	1
DEMO_10526	1
DEMO_10527	1
DEMO_10528	1
DEMO_10529	1
DEMO_10530	1
DEMO_10531	1
DEMO_10532	1
DEMO_10533	1
DEMO_10534	1
DEMO_10535	1
DEMO_10536	1
DEMO_10537	1
DEMO_10538	1
DEMO_10539	1
DEMO_10540	1
DEMO_10541	1
DEMO_10542	1
DEMO_10543	1
DEMO_10544	1
DEMO_10545	1
DEMO_10546	1
DEMO_10547	1
DEMO_10548	1
DEMO_10549	1
DEMO_10550	1
DEMO_10551	1
DEMO_10552	1
DEMO_10553	1
DEMO_10554	1
DEMO_10555	1
DEMO_10556	1
DEMO_10557	1
DEMO_10558	1
DEMO_10559	1
DEMO_10560	1
DEMO_10561	1
DEMO_10562	1
DEMO_10563	1
DEMO_10564	1
DEMO_10565	1
DEMO_10566	1
DEMO_10567	1
DEMO_10568	1
DEMO_10569	1
DEMO_10570	1
DEMO_10571	1
DEMO_10572	1
DEMO_10573	1
DEMO_10574	1
DEMO_10575	1
DEMO_10576	1
DEMO_10577	1
DEMO_10578	1
DEMO_10579	1
DEMO_10580	1
DEMO_10581	1
DEMO_10582	1
DEMO_10583	1
DEMO_10584	1
DEMO_10585	1
DEMO_10586	1
DEMO_10587	1
DEMO_10588	1
DEMO_10589	1
DEMO_10590	1
DEMO_10591	1
DEMO_10592	1
DEMO_10593	1
DEMO_10594	1
DEMO_10595	1
DEMO_10596	1
DEMO_10597	1
DEMO_10598	1
DEMO_10599	1
DEMO_10600	1
DEMO_10601	1
DEMO_10602	1
DEMO_10603	1
DEMO_10604	1
DEMO_10605	1
DEMO_10606	1
DEMO_10607	1
DEMO_10608	1
DEMO_10609	1
DEMO_10610	1
DEMO_10611	1
DEMO_10612	1
DEMO_10613	1
DEMO_10614	1
DEMO_10615	1
DEMO_10616	1
DEMO_10617	1
DEMO_10618	1
DEMO_10619	1
DEMO_10620	1
DEMO_10621	1
DEMO_10622	1
DEMO_10623	1
DEMO_10624	1
DEMO_10625	1
DEMO_10626	1
DEMO_10627	1
DEMO_10628	1
DEMO_10629	1
DEMO_10630	1
DEMO_10631	1
DEMO_10632	1
DEMO_10633	1
DEMO_10634	1
DEMO_10635	1
DEMO_10636	1
DEMO_10637	1
DEMO_10638	1
DEMO_10639	1
DEMO_10640	1
DEMO_10641	1
DEMO_10642	1
DEMO_10643	1
DEMO_10644	1
DEMO_10645	1
DEMO_10646	1
DEMO_10647	1
DEMO_10648	1
DEMO_10649	1
DEMO_10650	1
DEMO_10651	1
DEMO_10652	1
DEMO_10653	1
DEMO_10654	1
DEMO_10655	1
DEMO_10656	1
DEMO_10657	1
DEMO_10658	1
DEMO_10659	1
DEMO_10660	1
DEMO_10661	1
DEMO_10662	1
DEMO_10663	1
DEMO_10664	1
DEMO_10665	1
DEMO_10666	1
DEMO_10667	1
DEMO_10668	1
DEMO_10669	1
DEMO_10670	1
DEMO_10671	1
DEMO_10672	1
DEMO_10673	1
DEMO_10674	1
DEMO_10675	1
DEMO_10676	1
DEMO_10677	1
DEMO_10678	1
DEMO_10679	1
DEMO_10680	1
DEMO_10681	1
DEMO_10682	1
DEMO_10683	1
DEMO_10684	1
DEMO_10685	1
DEMO_10686	1
DEMO_10687	1
DEMO_10688	1
DEMO_10689	1
DEMO_10690	1
DEMO_10691	1
DEMO_10692	1
DEMO_10693	1
DEMO_10694	1
DEMO_10695	1
DEMO_10696	1
DEMO_10697	1
DEMO_10698	1
DEMO_10699	1
DEMO_10700	1
DEMO_10701	1
DEMO_10702	1
DEMO_10703	1
DEMO_10704	1
DEMO_10705	1
DEMO_10706	1
DEMO_10707	1
DEMO_10708	1
DEMO_10709	1
DEMO_10710	1
DEMO_10711	1
DEMO_10712	1
DEMO_10713	1
DEMO_10714	1
DEMO_10715	1
DEMO_10716	1
DEMO_10717	1
DEMO_10718	1
DEMO_10719	1
DEMO_10720	1
DEMO_10721	1
DEMO_10722	1
DEMO_10723	1
DEMO_10724	1
DEMO_10725	1
DEMO_10726	1
DEMO_10727	1
DEMO_10728	1
DEMO_10729	1
DEMO_10730	1
DEMO_10731	1
DEMO_10732	1
DEMO_10733	1
DEMO_10734	1
DEMO_10735	1
DEMO_10736	1
DEMO_10737	1
DEMO_10738	1
DEMO_10739	1
DEMO_10740	1
DEMO_10741	1
DEMO_10742	1
DEMO_10743	1
DEMO_10744	1
DEMO_10745	1
DEMO_10746	1
DEMO_10747	1
DEMO_10748	1
DEMO_10749	1
DEMO_10750	1
DEMO_10751	1
DEMO_10752	1
DEMO_10753	1
DEMO_10754	1
DEMO_10755	1
DEMO_10756	1
DEMO_10757	1
DEMO_10758	1
DEMO_10759	1
DEMO_10760	1
DEMO_10761	1
DEMO_10762	1
DEMO_10763	1
DEMO_10764	1
DEMO_10765	1
DEMO_10766	1
DEMO_10767	1
DEMO_10768	1
DEMO_10769	1
DEMO_10770	1
DEMO_10771	1
DEMO_10772	1
DEMO_10773	1
DEMO_10774	1
DEMO_10775	1
DEMO_10776	1
DEMO_10777	1
DEMO_10778	1
DEMO_10779	1
DEMO_10780	1
DEMO_10781	1
DEMO_10782	1
DEMO_10783	1
DEMO_10784	1
DEMO_10785	1
DEMO_10786	1
DEMO_10787	1
DEMO_10788	1
DEMO_10789	1
DEMO_10790	1
DEMO_10791	1
DEMO_10792	1
DEMO_10793	1
DEMO_10794	1
DEMO_10795	1
DEMO_10796	1
DEMO_10797	1
DEMO_10798	1
DEMO_10799	1
DEMO_10800	1
DEMO_10801	1
DEMO_10802	1
DEMO_10803	1
DEMO_10804	1
DEMO_10805	1
DEMO_10806	1
DEMO_10807	1
DEMO_10808	1
DEMO_10809	1
DEMO_10810	1
DEMO_10811	1
DEMO_10812	1
DEMO_10813	1
DEMO_10814	1
DEMO_10815	1
DEMO_10816	1
DEMO_10817	1
DEMO_10818	1
DEMO_10819	1
DEMO_10820	1
DEMO_10821	1
DEMO_10822	1
DEMO_10823	1
DEMO_10824	1
DEMO_10825	1
DEMO_10826	1
DEMO_10827	1
DEMO_10828	1
DEMO_10829	1
DEMO_10830	1
DEMO_10831	1
DEMO_10832	1
DEMO_10833	1
DEMO_10834	1
DEMO_10835	1
DEMO_10836	1
DEMO_10837	1
DEMO_10838	1
DEMO_10839	1
DEMO_10840	1
DEMO_10841	1
DEMO_10842	1
DEMO_10843	1
DEMO_10844	1
DEMO_10845	1
DEMO_10846	1
DEMO_10847	1
DEMO_10848	1
DEMO_10849	1
DEMO_10850	1
DEMO_10851	1
DEMO_10852	1
DEMO_10853	1
DEMO_10854	1
DEMO_10855	1
DEMO_10856	1
DEMO_10857	1
DEMO_10858	1
DEMO_10859	1
DEMO_10860	1
DEMO_10861	1
DEMO_10862	1
DEMO_10863	1
DEMO_10864	1
DEMO_10865	1
DEMO_10866	1
DEMO_10867	1
DEMO_10868	1
DEMO_10869	1
DEMO_10870	1
DEMO_10871	1
DEMO_10872	1
DEMO_10873	1
DEMO_10874	1
DEMO_10875	1
DEMO_10876	1
DEMO_10877	1
DEMO_10878	1
DEMO_10879	1
DEMO_10880	1
DEMO_10881	1
DEMO_10882	1
DEMO_10883	1
DEMO_10884	1
DEMO_10885	1
DEMO_10886	1
DEMO_10887	1
DEMO_10888	1
DEMO_10889	1
DEMO_10890	1
DEMO_10891	1
DEMO_10892	1
DEMO_10893	1
DEMO_10894	1
DEMO_10895	1
DEMO_10896	1
DEMO_10897	1
DEMO_10898	1
DEMO_10899	1
DEMO_10900	1
DEMO_10901	1
DEMO_10902	1
DEMO_10903	1
DEMO_10904	1
DEMO_10905	1
DEMO_10906	1
DEMO_10907	1
DEMO_10908	1
DEMO_10909	1
DEMO_10910	1
DEMO_10911	1
DEMO_10912	1
DEMO_10913	1
DEMO_10914	1
DEMO_10915	1
DEMO_10916	1
DEMO_10917	1
DEMO_10918	1
DEMO_10919	1
DEMO_10920	1
DEMO_10921	1
DEMO_10922	1
DEMO_10923	1
DEMO_10924	1
DEMO_10925	1
DEMO_10926	1
DEMO_10927	1
DEMO_10928	1
DEMO_10929	1
DEMO_10930	1
DEMO_10931	1
DEMO_10932	1
DEMO_10933	1
DEMO_10934	1
DEMO_10935	1
DEMO_10936	1
DEMO_10937	1
DEMO_10938	1
DEMO_10939	1
DEMO_10940	1
DEMO_10941	1
DEMO_10942	1
DEMO_10943	1
DEMO_10944	1
DEMO_10945	1
DEMO_10946	1
DEMO_10947	1
DEMO_10948	1
DEMO_10949	1
DEMO_10950	1
DEMO_10951	1
DEMO_10952	1
DEMO_10953	1
DEMO_10954	1
DEMO_10955	1
DEMO_10956	1
DEMO_10957	1
DEMO_10958	1
DEMO_10959	1
DEMO_10960	1
DEMO_10961	1
DEMO_10962	1
DEMO_10963	1
DEMO_10964	1
DEMO_10965	1
DEMO_10966	1
DEMO_10967	1
DEMO_10968	1
DEMO_10969	1
DEMO_10970	1
DEMO_10971	1
DEMO_10972	1
DEMO_10973	1
DEMO_10974	1
DEMO_10975	1
DEMO_10976	1
DEMO_10977	1
DEMO_10978	1
DEMO_10979	1
DEMO_10980	1
DEMO_10981	1
DEMO_10982	1
DEMO_10983	1
DEMO_10984	1
DEMO_10985	1
DEMO_10986	1
DEMO_10987	1
DEMO_10988	1
DEMO_10989	1
DEMO_10990	1
DEMO_10991	1
DEMO_10992	1
DEMO_10993	1
DEMO_10994	1
DEMO_10995	1
DEMO_10996	1
DEMO_10997	1
DEMO_10998	1
DEMO_10999	1
DEMO_11000	1
DEMO_11001	1
DEMO_11002	1
DEMO_11003	1
DEMO_11004	1
DEMO_11005	1
DEMO_11006	1
DEMO_11007	1
DEMO_11008	1
DEMO_11009	1
DEMO_11010	1
DEMO_11011	1
DEMO_11012	1
DEMO_11013	1
DEMO_11014	1
DEMO_11015	1
DEMO_11016	1
DEMO_11017	1
DEMO_11018	1
DEMO_11019	1
DEMO_11020	1
DEMO_11021	1
DEMO_11022	1
DEMO_11023	1
DEMO_11024	1
DEMO_11025	1
DEMO_11026	1
DEMO_11027	1
DEMO_11028	1
DEMO_11029	1
DEMO_11030	1
DEMO_11031	1
DEMO_11032	1
DEMO_11033	1
DEMO_11034	1
DEMO_11035	1
DEMO_11036	1
DEMO_11037	1
DEMO_11038	1
DEMO_11039	1
DEMO_11040	1
DEMO_11041	1
DEMO_11042	1
DEMO_11043	1
DEMO_11044	1
DEMO_11045	1
DEMO_11046	1
DEMO_11047	1
DEMO_11048	1
DEMO_11049	1
DEMO_11050	1
DEMO_11051	1
DEMO_11052	1
DEMO_11053	1
DEMO_11054	1
DEMO_11055	1
DEMO_11056	1
DEMO_11057	1
DEMO_11058	1
DEMO_11059	1
DEMO_11060	1
DEMO_11061	1
DEMO_11062	1
DEMO_11063	1
DEMO_11064	1
DEMO_11065	1
DEMO_11066	1
DEMO_11067	1
DEMO_11068	1
DEMO_11069	1
DEMO_11070	1
DEMO_11071	1
DEMO_11072	1
DEMO_11073	1
DEMO_11074	1
DEMO_11075	1
DEMO_11076	1
DEMO_11077	1
DEMO_11078	1
DEMO_11079	1
DEMO_11080	1
DEMO_11081	1
DEMO_11082	1
DEMO_11083	1
DEMO_11084	1
DEMO_11085	1
DEMO_11086	1
DEMO_11087	1
DEMO_11088	1
DEMO_11089	1
DEMO_11090	1
DEMO_11091	1
DEMO_11092	1
DEMO_11093	1
DEMO_11094	1
DEMO_11095	1
DEMO_11096	1
DEMO_11097	1
DEMO_11098	1
DEMO_11099	1
DEMO_11100	1
DEMO_11101	1
DEMO_11102	1
DEMO_11103	1
DEMO_11104	1
DEMO_11105	1
DEMO_11106	1
DEMO_11107	1
DEMO_11108	1
DEMO_11109	1
DEMO_11110	1
DEMO_11111	1
DEMO_11112	1
DEMO_11113	1
DEMO_11114	1
DEMO_11115	1
DEMO_11116	1
DEMO_11117	1
DEMO_11118	1
DEMO_11119	1
DEMO_11120	1
DEMO_11121	1
DEMO_11122	1
DEMO_11123	1
DEMO_11124	1
DEMO_11125	1
DEMO_11126	1
DEMO_11127	1
DEMO_11128	1
DEMO_11129	1
DEMO_11130	1
DEMO_11131	1
DEMO_11132	1
DEMO_11133	1
DEMO_11134	1
DEMO_11135	1
DEMO_11136	1
DEMO_11137	1
DEMO_11138	1
DEMO_11139	1
DEMO_11140	1
DEMO_11141	1
DEMO_11142	1
DEMO_11143	1
DEMO_11144	1
DEMO_11145	1
DEMO_11146	1
DEMO_11147	1
DEMO_11148	1
DEMO_11149	1
DEMO_11150	1
DEMO_11151	1
DEMO_11152	1
DEMO_11153	1
DEMO_11154	1
DEMO_11155	1
DEMO_11156	1
DEMO_11157	1
DEMO_11158	1
DEMO_11159	1
DEMO_11160	1
DEMO_11161	1
DEMO_11162	1
DEMO_11163	1
DEMO_11164	1
DEMO_11165	1
DEMO_11166	1
DEMO_11167	1
DEMO_11168	1
DEMO_11169	1
DEMO_11170	1
DEMO_11171	1
DEMO_11172	1
DEMO_11173	1
DEMO_11174	1
DEMO_11175	1
DEMO_11176	1
DEMO_11177	1
DEMO_11178	1
DEMO_11179	1
DEMO_11180	1
DEMO_11181	1
DEMO_11182	1
DEMO_11183	1
DEMO_11184	1
DEMO_11185	1
DEMO_11186	1
DEMO_11187	1
DEMO_11188	1
DEMO_11189	1
DEMO_11190	1
DEMO_11191	1
DEMO_11192	1
DEMO_11193	1
DEMO_11194	1
DEMO_11195	1
DEMO_11196	1
DEMO_11197	1
DEMO_11198	1
DEMO_11199	1
DEMO_11200	1
DEMO_11201	1
DEMO_11202	1
DEMO_11203	1
DEMO_11204	1
DEMO_11205	1
DEMO_11206	1
DEMO_11207	1
DEMO_11208	1
DEMO_11209	1
DEMO_11210	1
DEMO_11211	1
DEMO_11212	1
DEMO_11213	1
DEMO_11214	1
DEMO_11215	1
DEMO_11216	1
DEMO_11217	1
DEMO_11218	1
DEMO_11219	1
DEMO_11220	1
DEMO_11221	1
DEMO_11222	1
DEMO_11223	1
DEMO_11224	1
DEMO_11225	1
DEMO_11226	1
DEMO_11227	1
DEMO_11228	1
DEMO_11229	1
DEMO_11230	1
DEMO_11231	1
DEMO_11232	1
DEMO_11233	1
DEMO_11234	1
DEMO_11235	1
DEMO_11236	1
DEMO_11237	1
DEMO_11238	1
DEMO_11239	1
DEMO_11240	1
DEMO_11241	1
DEMO_11242	1
DEMO_11243	1
DEMO_11244	1
DEMO_11245	1
DEMO_11246	1
DEMO_11247	1
DEMO_11248	1
DEMO_11249	1
DEMO_11250	1
DEMO_11251	1
DEMO_11252	1
DEMO_11253	1
DEMO_11254	1
DEMO_11255	1
DEMO_11256	1
DEMO_11257	1
DEMO_11258	1
DEMO_11259	1
DEMO_11260	1
DEMO_11261	1
DEMO_11262	1
DEMO_11263	1
DEMO_11264	1
DEMO_11265	1
DEMO_11266	1
DEMO_11267	1
DEMO_11268	1
DEMO_11269	1
DEMO_11270	1
DEMO_11271	1
DEMO_11272	1
DEMO_11273	1
DEMO_11274	1
DEMO_11275	1
DEMO_11276	1
DEMO_11277	1
DEMO_11278	1
DEMO_11279	1
DEMO_11280	1
DEMO_11281	1
DEMO_11282	1
DEMO_11283	1
DEMO_11284	1
DEMO_11285	1
DEMO_11286	1
DEMO_11287	1
DEMO_11288	1
DEMO_11289	1
DEMO_11290	1
DEMO_11291	1
DEMO_11292	1
DEMO_11293	1
DEMO_11294	1
DEMO_11295	1
DEMO_11296	1
DEMO_11297	1
DEMO_11298	1
DEMO_11299	1
DEMO_11300	1
DEMO_11301	1
DEMO_11302	1
DEMO_11303	1
DEMO_11304	1
DEMO_11305	1
DEMO_11306	1
DEMO_11307	1
DEMO_11308	1
DEMO_11309	1
DEMO_11310	1
DEMO_11311	1
DEMO_11312	1
DEMO_11313	1
DEMO_11314	1
DEMO_11315	1
DEMO_11316	1
DEMO_11317	1
DEMO_11318	1
DEMO_11319	1
DEMO_11320	1
DEMO_11321	1
DEMO_11322	1
DEMO_11323	1
DEMO_11324	1
DEMO_11325	1
DEMO_11326	1
DEMO_11327	1
DEMO_11328	1
DEMO_11329	1
DEMO_11330	1
DEMO_11331	1
DEMO_11332	1
DEMO_11333	1
DEMO_11334	1
DEMO_11335	1
DEMO_11336	1
DEMO_11337	1
DEMO_11338	1
DEMO_11339	1
DEMO_11340	1
DEMO_11341	1
DEMO_11342	1
DEMO_11343	1
DEMO_11344	1
DEMO_11345	1
DEMO_11346	1
DEMO_11347	1
DEMO_11348	1
DEMO_11349	1
DEMO_11350	1
DEMO_11351	1
DEMO_11352	1
DEMO_11353	1
DEMO_11354	1
DEMO_11355	1
DEMO_11356	1
DEMO_11357	1
DEMO_11358	1
DEMO_11359	1
DEMO_11360	1
DEMO_11361	1
DEMO_11362	1
DEMO_11363	1
DEMO_11364	1
DEMO_11365	1
DEMO_11366	1
DEMO_11367	1
DEMO_11368	1
DEMO_11369	1
DEMO_11370	1
DEMO_11371	1
DEMO_11372	1
DEMO_11373	1
DEMO_11374	1
DEMO_11375	1
DEMO_11376	1
DEMO_11377	1
DEMO_11378	1
DEMO_11379	1
DEMO_11380	1
DEMO_11381	1
DEMO_11382	1
DEMO_11383	1
DEMO_11384	1
DEMO_11385	1
DEMO_11386	1
DEMO_11387	1
DEMO_11388	1
DEMO_11389	1
DEMO_11390	1
DEMO_11391	1
DEMO_11392	1
DEMO_11393	1
DEMO_11394	1
DEMO_11395	1
DEMO_11396	1
DEMO_11397	1
DEMO_11398	1
DEMO_11399	1
DEMO_11400	1
DEMO_11401	1
DEMO_11402	1
DEMO_11403	1
DEMO_11404	1
DEMO_11405	1
DEMO_11406	1
DEMO_11407	1
DEMO_11408	1
DEMO_11409	1
DEMO_11410	1
DEMO_11411	1
DEMO_11412	1
DEMO_11413	1
DEMO_11414	1
DEMO_11415	1
DEMO_11416	1
DEMO_11417	1
DEMO_11418	1
DEMO_11419	1
DEMO_11420	1
DEMO_11421	1
DEMO_11422	1
DEMO_11423	1
DEMO_11424	1
DEMO_11425	1
DEMO_11426	1
DEMO_11427	1
DEMO_11428	1
DEMO_11429	1
DEMO_11430	1
DEMO_11431	1
DEMO_11432	1
DEMO_11433	1
DEMO_11434	1
DEMO_11435	1
DEMO_11436	1
DEMO_11437	1
DEMO_11438	1
DEMO_11439	1
DEMO_11440	1
DEMO_11441	1
DEMO_11442	1
DEMO_11443	1
DEMO_11444	1
DEMO_11445	1
DEMO_11446	1
DEMO_11447	1
DEMO_11448	1
DEMO_11449	1
DEMO_11450	1
DEMO_11451	1
DEMO_11452	1
DEMO_11453	1
DEMO_11454	1
DEMO_11455	1
DEMO_11456	1
DEMO_11457	1
DEMO_11458	1
DEMO_11459	1
DEMO_11460	1
DEMO_11461	1
DEMO_11462	1
DEMO_11463	1
DEMO_11464	1
DEMO_11465	1
DEMO_11466	1
DEMO_11467	1
DEMO_11468	1
DEMO_11469	1
DEMO_11470	1
DEMO_11471	1
DEMO_11472	1
DEMO_11473	1
DEMO_11474	1
DEMO_11475	1
DEMO_11476	1
DEMO_11477	1
DEMO_11478	1
DEMO_11479	1
DEMO_11480	1
DEMO_11481	1
DEMO_11482	1
DEMO_11483	1
DEMO_11484	1
DEMO_11485	1
DEMO_11486	1
DEMO_11487	1
DEMO_11488	1
DEMO_11489	1
DEMO_11490	1
DEMO_11491	1
DEMO_11492	1
DEMO_11493	1
DEMO_11494	1
DEMO_11495	1
DEMO_11496	1
DEMO_11497	1
DEMO_11498	1
DEMO_11499	1
DEMO_11500	1
DEMO_11501	1
DEMO_11502	1
DEMO_11503	1
DEMO_11504	1
DEMO_11505	1
DEMO_11506	1
DEMO_11507	1
DEMO_11508	1
DEMO_11509	1
DEMO_11510	1
DEMO_11511	1
DEMO_11512	1
DEMO_11513	1
DEMO_11514	1
DEMO_11515	1
DEMO_11516	1
DEMO_11517	1
DEMO_11518	1
DEMO_11519	1
DEMO_11520	1
DEMO_11521	1
DEMO_11522	1
DEMO_11523	1
DEMO_11524	1
DEMO_11525	1
DEMO_11526	1
DEMO_11527	1
DEMO_11528	1
DEMO_11529	1
DEMO_11530	1
DEMO_11531	1
DEMO_11532	1
DEMO_11533	1
DEMO_11534	1
DEMO_11535	1
DEMO_11536	1
DEMO_11537	1
DEMO_11538	1
DEMO_11539	1
DEMO_11540	1
DEMO_11541	1
DEMO_11542	1
DEMO_11543	1
DEMO_11544	1
DEMO_11545	1
DEMO_11546	1
DEMO_11547	1
DEMO_11548	1
DEMO_11549	1
DEMO_11550	1
DEMO_11551	1
DEMO_11552	1
DEMO_11553	1
DEMO_11554	1
DEMO_11555	1
DEMO_11556	1
DEMO_11557	1
DEMO_11558	1
DEMO_11559	1
DEMO_11560	1
DEMO_11561	1
DEMO_11562	1
DEMO_11563	1
DEMO_11564	1
DEMO_11565	1
DEMO_11566	1
DEMO_11567	1
DEMO_11568	1
DEMO_11569	1
DEMO_11570	1
DEMO_11571	1
DEMO_11572	1
DEMO_11573	1
DEMO_11574	1
DEMO_11575	1
DEMO_11576	1
DEMO_11577	1
DEMO_11578	1
DEMO_11579	1
DEMO_11580	1
DEMO_11581	1
DEMO_11582	1
DEMO_11583	1
DEMO_11584	1
DEMO_11585	1
DEMO_11586	1
DEMO_11587	1
DEMO_11588	1
DEMO_11589	1
DEMO_11590	1
DEMO_11591	1
DEMO_11592	1
DEMO_11593	1
DEMO_11594	1
DEMO_11595	1
DEMO_11596	1
DEMO_11597	1
DEMO_11598	1
DEMO_11599	1
DEMO_11600	1
DEMO_11601	1
DEMO_11602	1
DEMO_11603	1
DEMO_11604	1
DEMO_11605	1
DEMO_11606	1
DEMO_11607	1
DEMO_11608	1
DEMO_11609	1
DEMO_11610	1
DEMO_11611	1
DEMO_11612	1
DEMO_11613	1
DEMO_11614	1
DEMO_11615	1
DEMO_11616	1
DEMO_11617	1
DEMO_11618	1
DEMO_11619	1
DEMO_11620	1
DEMO_11621	1
DEMO_11622	1
DEMO_11623	1
DEMO_11624	1
DEMO_11625	1
DEMO_11626	1
DEMO_11627	1
DEMO_11628	1
DEMO_11629	1
DEMO_11630	1
DEMO_11631	1
DEMO_11632	1
DEMO_11633	1
DEMO_11634	1
DEMO_11635	1
DEMO_11636	1
DEMO_11637	1
DEMO_11638	1
DEMO_11639	1
DEMO_11640	1
DEMO_11641	1
DEMO_11642	1
DEMO_11643	1
DEMO_11644	1
DEMO_11645	1
DEMO_11646	1
DEMO_11647	1
DEMO_11648	1
DEMO_11649	1
DEMO_11650	1
DEMO_11651	1
DEMO_11652	1
DEMO_11653	1
DEMO_11654	1
DEMO_11655	1
DEMO_11656	1
DEMO_11657	1
DEMO_11658	1
DEMO_11659	1
DEMO_11660	1
DEMO_11661	1
DEMO_11662	1
DEMO_11663	1
DEMO_11664	1
DEMO_11665	1
DEMO_11666	1
DEMO_11667	1
DEMO_11668	1
DEMO_11669	1
DEMO_11670	1
DEMO_11671	1
DEMO_11672	1
DEMO_11673	1
DEMO_11674	1
DEMO_11675	1
DEMO_11676	1
DEMO_11677	1
DEMO_11678	1
DEMO_11679	1
DEMO_11680	1
DEMO_11681	1
DEMO_11682	1
DEMO_11683	1
DEMO_11684	1
DEMO_11685	1
DEMO_11686	1
DEMO_11687	1
DEMO_11688	1
DEMO_11689	1
DEMO_11690	1
DEMO_11691	1
DEMO_11692	1
DEMO_11693	1
DEMO_11694	1
DEMO_11695	1
DEMO_11696	1
DEMO_11697	1
DEMO_11698	1
DEMO_11699	1
DEMO_11700	1
DEMO_11701	1
DEMO_11702	1
DEMO_11703	1
DEMO_11704	1
DEMO_11705	1
DEMO_11706	1
DEMO_11707	1
DEMO_11708	1
DEMO_11709	1
DEMO_11710	1
DEMO_11711	1
DEMO_11712	1
DEMO_11713	1
DEMO_11714	1
DEMO_11715	1
DEMO_11716	1
DEMO_11717	1
DEMO_11718	1
DEMO_11719	1
DEMO_11720	1
DEMO_11721	1
DEMO_11722	1
DEMO_11723	1
DEMO_11724	1
DEMO_11725	1
DEMO_11726	1
DEMO_11727	1
DEMO_11728	1
DEMO_11729	1
DEMO_11730	1
DEMO_11731	1
DEMO_11732	1
DEMO_11733	1
DEMO_11734	1
DEMO_11735	1
DEMO_11736	1
DEMO_11737	1
DEMO_11738	1
DEMO_11739	1
DEMO_11740	1
DEMO_11741	1
DEMO_11742	1
DEMO_11743	1
DEMO_11744	1
DEMO_11745	1
DEMO_11746	1
DEMO_11747	1
DEMO_11748	1
DEMO_11749	1
DEMO_11750	1
DEMO_11751	1
DEMO_11752	1
DEMO_11753	1
DEMO_11754	1
DEMO_11755	1
DEMO_11756	1
DEMO_11757	1
DEMO_11758	1
DEMO_11759	1
DEMO_11760	1
DEMO_11761	1
DEMO_11762	1
DEMO_11763	1
DEMO_11764	1
DEMO_11765	1
DEMO_11766	1
DEMO_11767	1
DEMO_11768	1
DEMO_11769	1
DEMO_11770	1
DEMO_11771	1
DEMO_11772	1
DEMO_11773	1
DEMO_11774	1
DEMO_11775	1
DEMO_11776	1
DEMO_11777	1
DEMO_11778	1
DEMO_11779	1
DEMO_11780	1
DEMO_11781	1
DEMO_11782	1
DEMO_11783	1
DEMO_11784	1
DEMO_11785	1
DEMO_11786	1
DEMO_11787	1
DEMO_11788	1
DEMO_11789	1
DEMO_11790	1
DEMO_11791	1
DEMO_11792	1
DEMO_11793	1
DEMO_11794	1
DEMO_11795	1
DEMO_11796	1
DEMO_11797	1
DEMO_11798	1
DEMO_11799	1
DEMO_11800	1
DEMO_11801	1
DEMO_11802	1
DEMO_11803	1
DEMO_11804	1
DEMO_11805	1
DEMO_11806	1
DEMO_11807	1
DEMO_11808	1
DEMO_11809	1
DEMO_11810	1
DEMO_11811	1
DEMO_11812	1
DEMO_11813	1
DEMO_11814	1
DEMO_11815	1
DEMO_11816	1
DEMO_11817	1
DEMO_11818	1
DEMO_11819	1
DEMO_11820	1
DEMO_11821	1
DEMO_11822	1
DEMO_11823	1
DEMO_11824	1
DEMO_11825	1
DEMO_11826	1
DEMO_11827	1
DEMO_11828	1
DEMO_11829	1
DEMO_11830	1
DEMO_11831	1
DEMO_11832	1
DEMO_11833	1
DEMO_11834	1
DEMO_11835	1
DEMO_11836	1
DEMO_11837	1
DEMO_11838	1
DEMO_11839	1
DEMO_11840	1
DEMO_11841	1
DEMO_11842	1
DEMO_11843	1
DEMO_11844	1
DEMO_11845	1
DEMO_11846	1
DEMO_11847	1
DEMO_11848	1
DEMO_11849	1
DEMO_11850	1
DEMO_11851	1
DEMO_11852	1
DEMO_11853	1
DEMO_11854	1
DEMO_11855	1
DEMO_11856	1
DEMO_11857	1
DEMO_11858	1
DEMO_11859	1
DEMO_11860	1
DEMO_11861	1
DEMO_11862	1
DEMO_11863	1
DEMO_11864	1
DEMO_11865	1
DEMO_11866	1
DEMO_11867	1
DEMO_11868	1
DEMO_11869	1
DEMO_11870	1
DEMO_11871	1
DEMO_11872	1
DEMO_11873	1
DEMO_11874	1
DEMO_11875	1
DEMO_11876	1
DEMO_11877	1
DEMO_11878	1
DEMO_11879	1
DEMO_11880	1
DEMO_11881	1
DEMO_11882	1
DEMO_11883	1
DEMO_11884	1
DEMO_11885	1
DEMO_11886	1
DEMO_11887	1
DEMO_11888	1
DEMO_11889	1
DEMO_11890	1
DEMO_11891	1
DEMO_11892	1
DEMO_11893	1
DEMO_11894	1
DEMO_11895	1
DEMO_11896	1
DEMO_11897	1
DEMO_11898	1
DEMO_11899	1
DEMO_11900	1
DEMO_11901	1
DEMO_11902	1
DEMO_11903	1
DEMO_11904	1
DEMO_11905	1
DEMO_11906	1
DEMO_11907	1
DEMO_11908	1
DEMO_11909	1
DEMO_11910	1
DEMO_11911	1
DEMO_11912	1
DEMO_11913	1
DEMO_11914	1
DEMO_11915	1
DEMO_11916	1
DEMO_11917	1
DEMO_11918	1
DEMO_11919	1
DEMO_11920	1
DEMO_11921	1
DEMO_11922	1
DEMO_11923	1
DEMO_11924	1
DEMO_11925	1
DEMO_11926	1
DEMO_11927	1
DEMO_11928	1
DEMO_11929	1
DEMO_11930	1
DEMO_11931	1
DEMO_11932	1
DEMO_11933	1
DEMO_11934	1
DEMO_11935	1
DEMO_11936	1
DEMO_11937	1
DEMO_11938	1
DEMO_11939	1
DEMO_11940	1
DEMO_11941	1
DEMO_11942	1
DEMO_11943	1
DEMO_11944	1
DEMO_11945	1
DEMO_11946	1
DEMO_11947	1
DEMO_11948	1
DEMO_11949	1
DEMO_11950	1
DEMO_11951	1
DEMO_11952	1
DEMO_11953	1
DEMO_11954	1
DEMO_11955	1
DEMO_11956	1
DEMO_11957	1
DEMO_11958	1
DEMO_11959	1
DEMO_11960	1
DEMO_11961	1
DEMO_11962	1
DEMO_11963	1
DEMO_11964	1
DEMO_11965	1
DEMO_11966	1
DEMO_11967	1
DEMO_11968	1
DEMO_11969	1
DEMO_11970	1
DEMO_11971	1
DEMO_11972	1
DEMO_11973	1
DEMO_11974	1
DEMO_11975	1
DEMO_11976	1
DEMO_11977	1
DEMO_11978	1
DEMO_11979	1
DEMO_11980	1
DEMO_11981	1
DEMO_11982	1
DEMO_11983	1
DEMO_11984	1
DEMO_11985	1
DEMO_11986	1
DEMO_11987	1
DEMO_11988	1
DEMO_11989	1
DEMO_11990	1
DEMO_11991	1
DEMO_11992	1
DEMO_11993	1
DEMO_11994	1
DEMO_11995	1
DEMO_11996	1
DEMO_11997	1
DEMO_11998	1
DEMO_11999	1
DEMO_12000	1
DEMO_12001	1
DEMO_12002	1
DEMO_12003	1
DEMO_12004	1
DEMO_12005	1
DEMO_12006	1
DEMO_12007	1
DEMO_12008	1
DEMO_12009	1
DEMO_12010	1
DEMO_12011	1
DEMO_12012	1
DEMO_12013	1
DEMO_12014	1
DEMO_12015	1
DEMO_12016	1
DEMO_12017	1
DEMO_12018	1
DEMO_12019	1
DEMO_12020	1
DEMO_12021	1
DEMO_12022	1
DEMO_12023	1
DEMO_12024	1
DEMO_12025	1
DEMO_12026	1
DEMO_12027	1
DEMO_12028	1
DEMO_12029	1
DEMO_12030	1
DEMO_12031	1
DEMO_12032	1
DEMO_12033	1
DEMO_12034	1
DEMO_12035	1
DEMO_12036	1
DEMO_12037	1
DEMO_12038	1
DEMO_12039	1
DEMO_12040	1
DEMO_12041	1
DEMO_12042	1
DEMO_12043	1
DEMO_12044	1
DEMO_12045	1
DEMO_12046	1
DEMO_12047	1
DEMO_12048	1
DEMO_12049	1
DEMO_12050	1
DEMO_12051	1
DEMO_12052	1
DEMO_12053	1
DEMO_12054	1
DEMO_12055	1
DEMO_12056	1
DEMO_12057	1
DEMO_12058	1
DEMO_12059	1
DEMO_12060	1
DEMO_12061	1
DEMO_12062	1
DEMO_12063	1
DEMO_12064	1
DEMO_12065	1
DEMO_12066	1
DEMO_12067	1
DEMO_12068	1
DEMO_12069	1
DEMO_12070	1
DEMO_12071	1
DEMO_12072	1
DEMO_12073	1
DEMO_12074	1
DEMO_12075	1
DEMO_12076	1
DEMO_12077	1
DEMO_12078	1
DEMO_12079	1
DEMO_12080	1
DEMO_12081	1
DEMO_12082	1
DEMO_12083	1
DEMO_12084	1
DEMO_12085	1
DEMO_12086	1
DEMO_12087	1
DEMO_12088	1
DEMO_12089	1
DEMO_12090	1
DEMO_12091	1
DEMO_12092	1
DEMO_12093	1
DEMO_12094	1
DEMO_12095	1
DEMO_12096	1
DEMO_12097	1
DEMO_12098	1
DEMO_12099	1
DEMO_12100	1
DEMO_12101	1
DEMO_12102	1
DEMO_12103	1
DEMO_12104	1
DEMO_12105	1
DEMO_12106	1
DEMO_12107	1
DEMO_12108	1
DEMO_12109	1
DEMO_12110	1
DEMO_12111	1
DEMO_12112	1
DEMO_12113	1
DEMO_12114	1
DEMO_12115	1
DEMO_12116	1
DEMO_12117	1
DEMO_12118	1
DEMO_12119	1
DEMO_12120	1
DEMO_12121	1
DEMO_12122	1
DEMO_12123	1
DEMO_12124	1
DEMO_12125	1
DEMO_12126	1
DEMO_12127	1
DEMO_12128	1
DEMO_12129	1
DEMO_12130	1
DEMO_12131	1
DEMO_12132	1
DEMO_12133	1
DEMO_12134	1
DEMO_12135	1
DEMO_12136	1
DEMO_12137	1
DEMO_12138	1
DEMO_12139	1
DEMO_12140	1
DEMO_12141	1
DEMO_12142	1
DEMO_12143	1
DEMO_12144	1
DEMO_12145	1
DEMO_12146	1
DEMO_12147	1
DEMO_12148	1
DEMO_12149	1
DEMO_12150	1
DEMO_12151	1
DEMO_12152	1
DEMO_12153	1
DEMO_12154	1
DEMO_12155	1
DEMO_12156	1
DEMO_12157	1
DEMO_12158	1
DEMO_12159	1
DEMO_12160	1
DEMO_12161	1
DEMO_12162	1
DEMO_12163	1
DEMO_12164	1
DEMO_12165	1
DEMO_12166	1
DEMO_12167	1
DEMO_12168	1
DEMO_12169	1
DEMO_12170	1
DEMO_12171	1
DEMO_12172	1
DEMO_12173	1
DEMO_12174	1
DEMO_12175	1
DEMO_12176	1
DEMO_12177	1
DEMO_12178	1
DEMO_12179	1
DEMO_12180	1
DEMO_12181	1
DEMO_12182	1
DEMO_12183	1
DEMO_12184	1
DEMO_12185	1
DEMO_12186	1
DEMO_12187	1
DEMO_12188	1
DEMO_12189	1
DEMO_12190	1
DEMO_12191	1
DEMO_12192	1
DEMO_12193	1
DEMO_12194	1
DEMO_12195	1
DEMO_12196	1
DEMO_12197	1
DEMO_12198	1
DEMO_12199	1
DEMO_12200	1
DEMO_12201	1
DEMO_12202	1
DEMO_12203	1
DEMO_12204	1
DEMO_12205	1
DEMO_12206	1
DEMO_12207	1
DEMO_12208	1
DEMO_12209	1
DEMO_12210	1
DEMO_12211	1
DEMO_12212	1
DEMO_12213	1
DEMO_12214	1
DEMO_12215	1
DEMO_12216	1
DEMO_12217	1
DEMO_12218	1
DEMO_12219	1
DEMO_12220	1
DEMO_12221	1
DEMO_12222	1
DEMO_12223	1
DEMO_12224	1
DEMO_12225	1
DEMO_12226	1
DEMO_12227	1
DEMO_12228	1
DEMO_12229	1
DEMO_12230	1
DEMO_12231	1
DEMO_12232	1
DEMO_12233	1
DEMO_12234	1
DEMO_12235	1
DEMO_12236	1
DEMO_12237	1
DEMO_12238	1
DEMO_12239	1
DEMO_12240	1
DEMO_12241	1
DEMO_12242	1
DEMO_12243	1
DEMO_12244	1
DEMO_12245	1
DEMO_12246	1
DEMO_12247	1
DEMO_12248	1
DEMO_12249	1
DEMO_12250	1
DEMO_12251	1
DEMO_12252	1
DEMO_12253	1
DEMO_12254	1
DEMO_12255	1
DEMO_12256	1
DEMO_12257	1
DEMO_12258	1
DEMO_12259	1
DEMO_12260	1
DEMO_12261	1
DEMO_12262	1
DEMO_12263	1
DEMO_12264	1
DEMO_12265	1
DEMO_12266	1
DEMO_12267	1
DEMO_12268	1
DEMO_12269	1
DEMO_12270	1
DEMO_12271	1
DEMO_12272	1
DEMO_12273	1
DEMO_12274	1
DEMO_12275	1
DEMO_12276	1
DEMO_12277	1
DEMO_12278	1
DEMO_12279	1
DEMO_12280	1
DEMO_12281	1
DEMO_12282	1
DEMO_12283	1
DEMO_12284	1
DEMO_12285	1
DEMO_12286	1
DEMO_12287	1
DEMO_12288	1
DEMO_12289	1
DEMO_12290	1
DEMO_12291	1
DEMO_12292	1
DEMO_12293	1
DEMO_12294	1
DEMO_12295	1
DEMO_12296	1
DEMO_12297	1
DEMO_12298	1
DEMO_12299	1
DEMO_12300	1
DEMO_12301	1
DEMO_12302	1
DEMO_12303	1
DEMO_12304	1
DEMO_12305	1
DEMO_12306	1
DEMO_12307	1
DEMO_12308	1
DEMO_12309	1
DEMO_12310	1
DEMO_12311	1
DEMO_12312	1
DEMO_12313	1
DEMO_12314	1
DEMO_12315	1
DEMO_12316	1
DEMO_12317	1
DEMO_12318	1
DEMO_12319	1
DEMO_12320	1
DEMO_12321	1
DEMO_12322	1
DEMO_12323	1
DEMO_12324	1
DEMO_12325	1
DEMO_12326	1
DEMO_12327	1
DEMO_12328	1
DEMO_12329	1
DEMO_12330	1
DEMO_12331	1
DEMO_12332	1
DEMO_12333	1
DEMO_12334	1
DEMO_12335	1
DEMO_12336	1
DEMO_12337	1
DEMO_12338	1
DEMO_12339	1
DEMO_12340	1
DEMO_12341	1
DEMO_12342	1
DEMO_12343	1
DEMO_12344	1
DEMO_12345	1
DEMO_12346	1
DEMO_12347	1
DEMO_12348	1
DEMO_12349	1
DEMO_12350	1
DEMO_12351	1
DEMO_12352	1
DEMO_12353	1
DEMO_12354	1
DEMO_12355	1
DEMO_12356	1
DEMO_12357	1
DEMO_12358	1
DEMO_12359	1
DEMO_12360	1
DEMO_12361	1
DEMO_12362	1
DEMO_12363	1
DEMO_12364	1
DEMO_12365	1
DEMO_12366	1
DEMO_12367	1
DEMO_12368	1
DEMO_12369	1
DEMO_12370	1
DEMO_12371	1
DEMO_12372	1
DEMO_12373	1
DEMO_12374	1
DEMO_12375	1
DEMO_12376	1
DEMO_12377	1
DEMO_12378	1
DEMO_12379	1
DEMO_12380	1
DEMO_12381	1
DEMO_12382	1
DEMO_12383	1
DEMO_12384	1
DEMO_12385	1
DEMO_12386	1
DEMO_12387	1
DEMO_12388	1
DEMO_12389	1
DEMO_12390	1
DEMO_12391	1
DEMO_12392	1
DEMO_12393	1
DEMO_12394	1
DEMO_12395	1
DEMO_12396	1
DEMO_12397	1
DEMO_12398	1
DEMO_12399	1
DEMO_12400	1
DEMO_12401	1
DEMO_12402	1
DEMO_12403	1
DEMO_12404	1
DEMO_12405	1
DEMO_12406	1
DEMO_12407	1
DEMO_12408	1
DEMO_12409	1
DEMO_12410	1
DEMO_12411	1
DEMO_12412	1
DEMO_12413	1
DEMO_12414	1
DEMO_12415	1
DEMO_12416	1
DEMO_12417	1
DEMO_12418	1
DEMO_12419	1
DEMO_12420	1
DEMO_12421	1
DEMO_12422	1
DEMO_12423	1
DEMO_12424	1
DEMO_12425	1
DEMO_12426	1
DEMO_12427	1
DEMO_12428	1
DEMO_12429	1
DEMO_12430	1
DEMO_12431	1
DEMO_12432	1
DEMO_12433	1
DEMO_12434	1
DEMO_12435	1
DEMO_12436	1
DEMO_12437	1
DEMO_12438	1
DEMO_12439	1
DEMO_12440	1
DEMO_12441	1
DEMO_12442	1
DEMO_12443	1
DEMO_12444	1
DEMO_12445	1
DEMO_12446	1
DEMO_12447	1
DEMO_12448	1
DEMO_12449	1
DEMO_12450	1
DEMO_12451	1
DEMO_12452	1
DEMO_12453	1
DEMO_12454	1
DEMO_12455	1
DEMO_12456	1
DEMO_12457	1
DEMO_12458	1
DEMO_12459	1
DEMO_12460	1
DEMO_12461	1
DEMO_12462	1
DEMO_12463	1
DEMO_12464	1
DEMO_12465	1
DEMO_12466	1
DEMO_12467	1
DEMO_12468	1
DEMO_12469	1
DEMO_12470	1
DEMO_12471	1
DEMO_12472	1
DEMO_12473	1
DEMO_12474	1
DEMO_12475	1
DEMO_12476	1
DEMO_12477	1
DEMO_12478	1
DEMO_12479	1
DEMO_12480	1
DEMO_12481	1
DEMO_12482	1
DEMO_12483	1
DEMO_12484	1
DEMO_12485	1
DEMO_12486	1
DEMO_12487	1
DEMO_12488	1
DEMO_12489	1
DEMO_12490	1
DEMO_12491	1
DEMO_12492	1
DEMO_12493	1
DEMO_12494	1
DEMO_12495	1
DEMO_12496	1
DEMO_12497	1
DEMO_12498	1
DEMO_12499	1
DEMO_12500	1
DEMO_12501	1
DEMO_12502	1
DEMO_12503	1
DEMO_12504	1
DEMO_12505	1
DEMO_12506	1
DEMO_12507	1
DEMO_12508	1
DEMO_12509	1
DEMO_12510	1
DEMO_12511	1
DEMO_12512	1
DEMO_12513	1
DEMO_12514	1
DEMO_12515	1
DEMO_12516	1
DEMO_12517	1
DEMO_12518	1
DEMO_12519	1
DEMO_12520	1
DEMO_12521	1
DEMO_12522	1
DEMO_12523	1
DEMO_12524	1
DEMO_12525	1
DEMO_12526	1
DEMO_12527	1
DEMO_12528	1
DEMO_12529	1
DEMO_12530	1
DEMO_12531	1
DEMO_12532	1
DEMO_12533	1
DEMO_12534	1
DEMO_12535	1
DEMO_12536	1
DEMO_12537	1
DEMO_12538	1
DEMO_12539	1
DEMO_12540	1
DEMO_12541	1
DEMO_12542	1
DEMO_12543	1
DEMO_12544	1
DEMO_12545	1
DEMO_12546	1
DEMO_12547	1
DEMO_12548	1
DEMO_12549	1
DEMO_12550	1
DEMO_12551	1
DEMO_12552	1
DEMO_12553	1
DEMO_12554	1
DEMO_12555	1
DEMO_12556	1
DEMO_12557	1
DEMO_12558	1
DEMO_12559	1
DEMO_12560	1
DEMO_12561	1
DEMO_12562	1
DEMO_12563	1
DEMO_12564	1
DEMO_12565	1
DEMO_12566	1
DEMO_12567	1
DEMO_12568	1
DEMO_12569	1
DEMO_12570	1
DEMO_12571	1
DEMO_12572	1
DEMO_12573	1
DEMO_12574	1
DEMO_12575	1
DEMO_12576	1
DEMO_12577	1
DEMO_12578	1
DEMO_12579	1
DEMO_12580	1
DEMO_12581	1
DEMO_12582	1
DEMO_12583	1
DEMO_12584	1
DEMO_12585	1
DEMO_12586	1
DEMO_12587	1
DEMO_12588	1
DEMO_12589	1
DEMO_12590	1
DEMO_12591	1
DEMO_12592	1
DEMO_12593	1
DEMO_12594	1
DEMO_12595	1
DEMO_12596	1
DEMO_12597	1
DEMO_12598	1
DEMO_12599	1
DEMO_12600	1
DEMO_12601	1
DEMO_12602	1
DEMO_12603	1
DEMO_12604	1
DEMO_12605	1
DEMO_12606	1
DEMO_12607	1
DEMO_12608	1
DEMO_12609	1
DEMO_12610	1
DEMO_12611	1
DEMO_12612	1
DEMO_12613	1
DEMO_12614	1
DEMO_12615	1
DEMO_12616	1
DEMO_12617	1
DEMO_12618	1
DEMO_12619	1
DEMO_12620	1
DEMO_12621	1
DEMO_12622	1
DEMO_12623	1
DEMO_12624	1
DEMO_12625	1
DEMO_12626	1
DEMO_12627	1
DEMO_12628	1
DEMO_12629	1
DEMO_12630	1
DEMO_12631	1
DEMO_12632	1
DEMO_12633	1
DEMO_12634	1
DEMO_12635	1
DEMO_12636	1
DEMO_12637	1
DEMO_12638	1
DEMO_12639	1
DEMO_12640	1
DEMO_12641	1
DEMO_12642	1
DEMO_12643	1
DEMO_12644	1
DEMO_12645	1
DEMO_12646	1
DEMO_12647	1
DEMO_12648	1
DEMO_12649	1
DEMO_12650	1
DEMO_12651	1
DEMO_12652	1
DEMO_12653	1
DEMO_12654	1
DEMO_12655	1
DEMO_12656	1
DEMO_12657	1
DEMO_12658	1
DEMO_12659	1
DEMO_12660	1
DEMO_12661	1
DEMO_12662	1
DEMO_12663	1
DEMO_12664	1
DEMO_12665	1
DEMO_12666	1
DEMO_12667	1
DEMO_12668	1
DEMO_12669	1
DEMO_12670	1
DEMO_12671	1
DEMO_12672	1
DEMO_12673	1
DEMO_12674	1
DEMO_12675	1
DEMO_12676	1
DEMO_12677	1
DEMO_12678	1
DEMO_12679	1
DEMO_12680	1
DEMO_12681	1
DEMO_12682	1
DEMO_12683	1
DEMO_12684	1
DEMO_12685	1
DEMO_12686	1
DEMO_12687	1
DEMO_12688	1
DEMO_12689	1
DEMO_12690	1
DEMO_12691	1
DEMO_12692	1
DEMO_12693	1
DEMO_12694	1
DEMO_12695	1
DEMO_12696	1
DEMO_12697	1
DEMO_12698	1
DEMO_12699	1
DEMO_12700	1
DEMO_12701	1
DEMO_12702	1
DEMO_12703	1
DEMO_12704	1
DEMO_12705	1
DEMO_12706	1
DEMO_12707	1
DEMO_12708	1
DEMO_12709	1
DEMO_12710	1
DEMO_12711	1
DEMO_12712	1
DEMO_12713	1
DEMO_12714	1
DEMO_12715	1
DEMO_12716	1
DEMO_12717	1
DEMO_12718	1
DEMO_12719	1
DEMO_12720	1
DEMO_12721	1
DEMO_12722	1
DEMO_12723	1
DEMO_12724	1
DEMO_12725	1
DEMO_12726	1
DEMO_12727	1
DEMO_12728	1
DEMO_12729	1
DEMO_12730	1
DEMO_12731	1
DEMO_12732	1
DEMO_12733	1
DEMO_12734	1
DEMO_12735	1
DEMO_12736	1
DEMO_12737	1
DEMO_12738	1
DEMO_12739	1
DEMO_12740	1
DEMO_12741	1
DEMO_12742	1
DEMO_12743	1
DEMO_12744	1
DEMO_12745	1
DEMO_12746	1
DEMO_12747	1
DEMO_12748	1
DEMO_12749	1
DEMO_12750	1
DEMO_12751	1
DEMO_12752	1
DEMO_12753	1
DEMO_12754	1
DEMO_12755	1
DEMO_12756	1
DEMO_12757	1
DEMO_12758	1
DEMO_12759	1
DEMO_12760	1
DEMO_12761	1
DEMO_12762	1
DEMO_12763	1
DEMO_12764	1
DEMO_12765	1
DEMO_12766	1
DEMO_12767	1
DEMO_12768	1
DEMO_12769	1
DEMO_12770	1
DEMO_12771	1
DEMO_12772	1
DEMO_12773	1
DEMO_12774	1
DEMO_12775	1
DEMO_12776	1
DEMO_12777	1
DEMO_12778	1
DEMO_12779	1
DEMO_12780	1
DEMO_12781	1
DEMO_12782	1
DEMO_12783	1
DEMO_12784	1
DEMO_12785	1
DEMO_12786	1
DEMO_12787	1
DEMO_12788	1
DEMO_12789	1
DEMO_12790	1
DEMO_12791	1
DEMO_12792	1
DEMO_12793	1
DEMO_12794	1
DEMO_12795	1
DEMO_12796	1
DEMO_12797	1
DEMO_12798	1
DEMO_12799	1
DEMO_12800	1
DEMO_12801	1
DEMO_12802	1
DEMO_12803	1
DEMO_12804	1
DEMO_12805	1
DEMO_12806	1
DEMO_12807	1
DEMO_12808	1
DEMO_12809	1
DEMO_12810	1
DEMO_12811	1
DEMO_12812	1
DEMO_12813	1
DEMO_12814	1
DEMO_12815	1
DEMO_12816	1
DEMO_12817	1
DEMO_12818	1
DEMO_12819	1
DEMO_12820	1
DEMO_12821	1
DEMO_12822	1
DEMO_12823	1
DEMO_12824	1
DEMO_12825	1
DEMO_12826	1
DEMO_12827	1
DEMO_12828	1
DEMO_12829	1
DEMO_12830	1
DEMO_12831	1
DEMO_12832	1
DEMO_12833	1
DEMO_12834	1
DEMO_12835	1
DEMO_12836	1
DEMO_12837	1
DEMO_12838	1
DEMO_12839	1
DEMO_12840	1
DEMO_12841	1
DEMO_12842	1
DEMO_12843	1
DEMO_12844	1
DEMO_12845	1
DEMO_12846	1
DEMO_12847	1
DEMO_12848	1
DEMO_12849	1
DEMO_12850	1
DEMO_12851	1
DEMO_12852	1
DEMO_12853	1
DEMO_12854	1
DEMO_12855	1
DEMO_12856	1
DEMO_12857	1
DEMO_12858	1
DEMO_12859	1
DEMO_12860	1
DEMO_12861	1
DEMO_12862	1
DEMO_12863	1
DEMO_12864	1
DEMO_12865	1
DEMO_12866	1
DEMO_12867	1
DEMO_12868	1
DEMO_12869	1
DEMO_12870	1
DEMO_12871	1
DEMO_12872	1
DEMO_12873	1
DEMO_12874	1
DEMO_12875	1
DEMO_12876	1
DEMO_12877	1
DEMO_12878	1
DEMO_12879	1
DEMO_12880	1
DEMO_12881	1
DEMO_12882	1
DEMO_12883	1
DEMO_12884	1
DEMO_12885	1
DEMO_12886	1
DEMO_12887	1
DEMO_12888	1
DEMO_12889	1
DEMO_12890	1
DEMO_12891	1
DEMO_12892	1
DEMO_12893	1
DEMO_12894	1
DEMO_12895	1
DEMO_12896	1
DEMO_12897	1
DEMO_12898	1
DEMO_12899	1
DEMO_12900	1
DEMO_12901	1
DEMO_12902	1
DEMO_12903	1
DEMO_12904	1
DEMO_12905	1
DEMO_12906	1
DEMO_12907	1
DEMO_12908	1
DEMO_12909	1
DEMO_12910	1
DEMO_12911	1
DEMO_12912	1
DEMO_12913	1
DEMO_12914	1
DEMO_12915	1
DEMO_12916	1
DEMO_12917	1
DEMO_12918	1
DEMO_12919	1
DEMO_12920	1
DEMO_12921	1
DEMO_12922	1
DEMO_12923	1
DEMO_12924	1
DEMO_12925	1
DEMO_12926	1
DEMO_12927	1
DEMO_12928	1
DEMO_12929	1
DEMO_12930	1
DEMO_12931	1
DEMO_12932	1
DEMO_12933	1
DEMO_12934	1
DEMO_12935	1
DEMO_12936	1
DEMO_12937	1
DEMO_12938	1
DEMO_12939	1
DEMO_12940	1
DEMO_12941	1
DEMO_12942	1
DEMO_12943	1
DEMO_12944	1
DEMO_12945	1
DEMO_12946	1
DEMO_12947	1
DEMO_12948	1
DEMO_12949	1
DEMO_12950	1
DEMO_12951	1
DEMO_12952	1
DEMO_12953	1
DEMO_12954	1
DEMO_12955	1
DEMO_12956	1
DEMO_12957	1
DEMO_12958	1
DEMO_12959	1
DEMO_12960	1
DEMO_12961	1
DEMO_12962	1
DEMO_12963	1
DEMO_12964	1
DEMO_12965	1
DEMO_12966	1
DEMO_12967	1
DEMO_12968	1
DEMO_12969	1
DEMO_12970	1
DEMO_12971	1
DEMO_12972	1
DEMO_12973	1
DEMO_12974	1
DEMO_12975	1
DEMO_12976	1
DEMO_12977	1
DEMO_12978	1
DEMO_12979	1
DEMO_12980	1
DEMO_12981	1
DEMO_12982	1
DEMO_12983	1
DEMO_12984	1
DEMO_12985	1
DEMO_12986	1
DEMO_12987	1
DEMO_12988	1
DEMO_12989	1
DEMO_12990	1
DEMO_12991	1
DEMO_12992	1
DEMO_12993	1
DEMO_12994	1
DEMO_12995	1
DEMO_12996	1
DEMO_12997	1
DEMO_12998	1
DEMO_12999	1
DEMO_13000	1
DEMO_13001	1
DEMO_13002	1
DEMO_13003	1
DEMO_13004	1
DEMO_13005	1
DEMO_13006	1
DEMO_13007	1
DEMO_13008	1
DEMO_13009	1
DEMO_13010	1
DEMO_13011	1
DEMO_13012	1
DEMO_13013	1
DEMO_13014	1
DEMO_13015	1
DEMO_13016	1
DEMO_13017	1
DEMO_13018	1
DEMO_13019	1
DEMO_13020	1
DEMO_13021	1
DEMO_13022	1
DEMO_13023	1
DEMO_13024	1
DEMO_13025	1
DEMO_13026	1
DEMO_13027	1
DEMO_13028	1
DEMO_13029	1
DEMO_13030	1
DEMO_13031	1
DEMO_13032	1
DEMO_13033	1
DEMO_13034	1
DEMO_13035	1
DEMO_13036	1
DEMO_13037	1
DEMO_13038	1
DEMO_13039	1
DEMO_13040	1
DEMO_13041	1
DEMO_13042	1
DEMO_13043	1
DEMO_13044	1
DEMO_13045	1
DEMO_13046	1
DEMO_13047	1
DEMO_13048	1
DEMO_13049	1
DEMO_13050	1
DEMO_13051	1
DEMO_13052	1
DEMO_13053	1
DEMO_13054	1
DEMO_13055	1
DEMO_13056	1
DEMO_13057	1
DEMO_13058	1
DEMO_13059	1
DEMO_13060	1
DEMO_13061	1
DEMO_13062	1
DEMO_13063	1
DEMO_13064	1
DEMO_13065	1
DEMO_13066	1
DEMO_13067	1
DEMO_13068	1
DEMO_13069	1
DEMO_13070	1
DEMO_13071	1
DEMO_13072	1
DEMO_13073	1
DEMO_13074	1
DEMO_13075	1
DEMO_13076	1
DEMO_13077	1
DEMO_13078	1
DEMO_13079	1
DEMO_13080	1
DEMO_13081	1
DEMO_13082	1
DEMO_13083	1
DEMO_13084	1
DEMO_13085	1
DEMO_13086	1
DEMO_13087	1
DEMO_13088	1
DEMO_13089	1
DEMO_13090	1
DEMO_13091	1
DEMO_13092	1
DEMO_13093	1
DEMO_13094	1
DEMO_13095	1
DEMO_13096	1
DEMO_13097	1
DEMO_13098	1
DEMO_13099	1
DEMO_13100	1
DEMO_13101	1
DEMO_13102	1
DEMO_13103	1
DEMO_13104	1
DEMO_13105	1
DEMO_13106	1
DEMO_13107	1
DEMO_13108	1
DEMO_13109	1
DEMO_13110	1
DEMO_13111	1
DEMO_13112	1
DEMO_13113	1
DEMO_13114	1
DEMO_13115	1
DEMO_13116	1
DEMO_13117	1
DEMO_13118	1
DEMO_13119	1
DEMO_13120	1
DEMO_13121	1
DEMO_13122	1
DEMO_13123	1
DEMO_13124	1
DEMO_13125	1
DEMO_13126	1
DEMO_13127	1
DEMO_13128	1
DEMO_13129	1
DEMO_13130	1
DEMO_13131	1
DEMO_13132	1
DEMO_13133	1
DEMO_13134	1
DEMO_13135	1
DEMO_13136	1
DEMO_13137	1
DEMO_13138	1
DEMO_13139	1
DEMO_13140	1
DEMO_13141	1
DEMO_13142	1
DEMO_13143	1
DEMO_13144	1
DEMO_13145	1
DEMO_13146	1
DEMO_13147	1
DEMO_13148	1
DEMO_13149	1
DEMO_13150	1
DEMO_13151	1
DEMO_13152	1
DEMO_13153	1
DEMO_13154	1
DEMO_13155	1
DEMO_13156	1
DEMO_13157	1
DEMO_13158	1
DEMO_13159	1
DEMO_13160	1
DEMO_13161	1
DEMO_13162	1
DEMO_13163	1
DEMO_13164	1
DEMO_13165	1
DEMO_13166	1
DEMO_13167	1
DEMO_13168	1
DEMO_13169	1
DEMO_13170	1
DEMO_13171	1
DEMO_13172	1
DEMO_13173	1
DEMO_13174	1
DEMO_13175	1
DEMO_13176	1
DEMO_13177	1
DEMO_13178	1
DEMO_13179	1
DEMO_13180	1
DEMO_13181	1
DEMO_13182	1
DEMO_13183	1
DEMO_13184	1
DEMO_13185	1
DEMO_13186	1
DEMO_13187	1
DEMO_13188	1
DEMO_13189	1
DEMO_13190	1
DEMO_13191	1
DEMO_13192	1
DEMO_13193	1
DEMO_13194	1
DEMO_13195	1
DEMO_13196	1
DEMO_13197	1
DEMO_13198	1
DEMO_13199	1
DEMO_13200	1
DEMO_13201	1
DEMO_13202	1
DEMO_13203	1
DEMO_13204	1
DEMO_13205	1
DEMO_13206	1
DEMO_13207	1
DEMO_13208	1
DEMO_13209	1
DEMO_13210	1
DEMO_13211	1
DEMO_13212	1
DEMO_13213	1
DEMO_13214	1
DEMO_13215	1
DEMO_13216	1
DEMO_13217	1
DEMO_13218	1
DEMO_13219	1
DEMO_13220	1
DEMO_13221	1
DEMO_13222	1
DEMO_13223	1
DEMO_13224	1
DEMO_13225	1
DEMO_13226	1
DEMO_13227	1
DEMO_13228	1
DEMO_13229	1
DEMO_13230	1
DEMO_13231	1
DEMO_13232	1
DEMO_13233	1
DEMO_13234	1
DEMO_13235	1
DEMO_13236	1
DEMO_13237	1
DEMO_13238	1
DEMO_13239	1
DEMO_13240	1
DEMO_13241	1
DEMO_13242	1
DEMO_13243	1
DEMO_13244	1
DEMO_13245	1
DEMO_13246	1
DEMO_13247	1
DEMO_13248	1
DEMO_13249	1
DEMO_13250	1
DEMO_13251	1
DEMO_13252	1
DEMO_13253	1
DEMO_13254	1
DEMO_13255	1
DEMO_13256	1
DEMO_13257	1
DEMO_13258	1
DEMO_13259	1
DEMO_13260	1
DEMO_13261	1
DEMO_13262	1
DEMO_13263	1
DEMO_13264	1
DEMO_13265	1
DEMO_13266	1
DEMO_13267	1
DEMO_13268	1
DEMO_13269	1
DEMO_13270	1
DEMO_13271	1
DEMO_13272	1
DEMO_13273	1
DEMO_13274	1
DEMO_13275	1
DEMO_13276	1
DEMO_13277	1
DEMO_13278	1
DEMO_13279	1
DEMO_13280	1
DEMO_13281	1
DEMO_13282	1
DEMO_13283	1
DEMO_13284	1
DEMO_13285	1
DEMO_13286	1
DEMO_13287	1
DEMO_13288	1
DEMO_13289	1
DEMO_13290	1
DEMO_13291	1
DEMO_13292	1
DEMO_13293	1
DEMO_13294	1
DEMO_13295	1
DEMO_13296	1
DEMO_13297	1
DEMO_13298	1
DEMO_13299	1
DEMO_13300	1
DEMO_13301	1
DEMO_13302	1
DEMO_13303	1
DEMO_13304	1
DEMO_13305	1
DEMO_13306	1
DEMO_13307	1
DEMO_13308	1
DEMO_13309	1
DEMO_13310	1
DEMO_13311	1
DEMO_13312	1
DEMO_13313	1
DEMO_13314	1
DEMO_13315	1
DEMO_13316	1
DEMO_13317	1
DEMO_13318	1
DEMO_13319	1
DEMO_13320	1
DEMO_13321	1
DEMO_13322	1
DEMO_13323	1
DEMO_13324	1
DEMO_13325	1
DEMO_13326	1
DEMO_13327	1
DEMO_13328	1
DEMO_13329	1
DEMO_13330	1
DEMO_13331	1
DEMO_13332	1
DEMO_13333	1
DEMO_13334	1
DEMO_13335	1
DEMO_13336	1
DEMO_13337	1
DEMO_13338	1
DEMO_13339	1
DEMO_13340	1
DEMO_13341	1
DEMO_13342	1
DEMO_13343	1
DEMO_13344	1
DEMO_13345	1
DEMO_13346	1
DEMO_13347	1
DEMO_13348	1
DEMO_13349	1
DEMO_13350	1
DEMO_13351	1
DEMO_13352	1
DEMO_13353	1
DEMO_13354	1
DEMO_13355	1
DEMO_13356	1
DEMO_13357	1
DEMO_13358	1
DEMO_13359	1
DEMO_13360	1
DEMO_13361	1
DEMO_13362	1
DEMO_13363	1
DEMO_13364	1
DEMO_13365	1
DEMO_13366	1
DEMO_13367	1
DEMO_13368	1
DEMO_13369	1
DEMO_13370	1
DEMO_13371	1
DEMO_13372	1
DEMO_13373	1
DEMO_13374	1
DEMO_13375	1
DEMO_13376	1
DEMO_13377	1
DEMO_13378	1
DEMO_13379	1
DEMO_13380	1
DEMO_13381	1
DEMO_13382	1
DEMO_13383	1
DEMO_13384	1
DEMO_13385	1
DEMO_13386	1
DEMO_13387	1
DEMO_13388	1
DEMO_13389	1
DEMO_13390	1
DEMO_13391	1
DEMO_13392	1
DEMO_13393	1
DEMO_13394	1
DEMO_13395	1
DEMO_13396	1
DEMO_13397	1
DEMO_13398	1
DEMO_13399	1
DEMO_13400	1
DEMO_13401	1
DEMO_13402	1
DEMO_13403	1
DEMO_13404	1
DEMO_13405	1
DEMO_13406	1
DEMO_13407	1
DEMO_13408	1
DEMO_13409	1
DEMO_13410	1
DEMO_13411	1
DEMO_13412	1
DEMO_13413	1
DEMO_13414	1
DEMO_13415	1
DEMO_13416	1
DEMO_13417	1
DEMO_13418	1
DEMO_13419	1
DEMO_13420	1
DEMO_13421	1
DEMO_13422	1
DEMO_13423	1
DEMO_13424	1
DEMO_13425	1
DEMO_13426	1
DEMO_13427	1
DEMO_13428	1
DEMO_13429	1
DEMO_13430	1
DEMO_13431	1
DEMO_13432	1
DEMO_13433	1
DEMO_13434	1
DEMO_13435	1
DEMO_13436	1
DEMO_13437	1
DEMO_13438	1
DEMO_13439	1
DEMO_13440	1
DEMO_13441	1
DEMO_13442	1
DEMO_13443	1
DEMO_13444	1
DEMO_13445	1
DEMO_13446	1
DEMO_13447	1
DEMO_13448	1
DEMO_13449	1
DEMO_13450	1
DEMO_13451	1
DEMO_13452	1
DEMO_13453	1
DEMO_13454	1
DEMO_13455	1
DEMO_13456	1
DEMO_13457	1
DEMO_13458	1
DEMO_13459	1
DEMO_13460	1
DEMO_13461	1
DEMO_13462	1
DEMO_13463	1
DEMO_13464	1
DEMO_13465	1
DEMO_13466	1
DEMO_13467	1
DEMO_13468	1
DEMO_13469	1
DEMO_13470	1
DEMO_13471	1
DEMO_13472	1
DEMO_13473	1
DEMO_13474	1
DEMO_13475	1
DEMO_13476	1
DEMO_13477	1
DEMO_13478	1
DEMO_13479	1
DEMO_13480	1
DEMO_13481	1
DEMO_13482	1
DEMO_13483	1
DEMO_13484	1
DEMO_13485	1
DEMO_13486	1
DEMO_13487	1
DEMO_13488	1
DEMO_13489	1
DEMO_13490	1
DEMO_13491	1
DEMO_13492	1
DEMO_13493	1
DEMO_13494	1
DEMO_13495	1
DEMO_13496	1
DEMO_13497	1
DEMO_13498	1
DEMO_13499	1
DEMO_13500	1
DEMO_13501	1
DEMO_13502	1
DEMO_13503	1
DEMO_13504	1
DEMO_13505	1
DEMO_13506	1
DEMO_13507	1
DEMO_13508	1
DEMO_13509	1
DEMO_13510	1
DEMO_13511	1
DEMO_13512	1
DEMO_13513	1
DEMO_13514	1
DEMO_13515	1
DEMO_13516	1
DEMO_13517	1
DEMO_13518	1
DEMO_13519	1
DEMO_13520	1
DEMO_13521	1
DEMO_13522	1
DEMO_13523	1
DEMO_13524	1
DEMO_13525	1
DEMO_13526	1
DEMO_13527	1
DEMO_13528	1
DEMO_13529	1
DEMO_13530	1
DEMO_13531	1
DEMO_13532	1
DEMO_13533	1
DEMO_13534	1
DEMO_13535	1
DEMO_13536	1
DEMO_13537	1
DEMO_13538	1
DEMO_13539	1
DEMO_13540	1
DEMO_13541	1
DEMO_13542	1
DEMO_13543	1
DEMO_13544	1
DEMO_13545	1
DEMO_13546	1
DEMO_13547	1
DEMO_13548	1
DEMO_13549	1
DEMO_13550	1
DEMO_13551	1
DEMO_13552	1
DEMO_13553	1
DEMO_13554	1
DEMO_13555	1
DEMO_13556	1
DEMO_13557	1
DEMO_13558	1
DEMO_13559	1
DEMO_13560	1
DEMO_13561	1
DEMO_13562	1
DEMO_13563	1
DEMO_13564	1
DEMO_13565	1
DEMO_13566	1
DEMO_13567	1
DEMO_13568	1
DEMO_13569	1
DEMO_13570	1
DEMO_13571	1
DEMO_13572	1
DEMO_13573	1
DEMO_13574	1
DEMO_13575	1
DEMO_13576	1
DEMO_13577	1
DEMO_13578	1
DEMO_13579	1
DEMO_13580	1
DEMO_13581	1
DEMO_13582	1
DEMO_13583	1
DEMO_13584	1
DEMO_13585	1
DEMO_13586	1
DEMO_13587	1
DEMO_13588	1
DEMO_13589	1
DEMO_13590	1
DEMO_13591	1
DEMO_13592	1
DEMO_13593	1
DEMO_13594	1
DEMO_13595	1
DEMO_13596	1
DEMO_13597	1
DEMO_13598	1
DEMO_13599	1
DEMO_13600	1
DEMO_13601	1
DEMO_13602	1
DEMO_13603	1
DEMO_13604	1
DEMO_13605	1
DEMO_13606	1
DEMO_13607	1
DEMO_13608	1
DEMO_13609	1
DEMO_13610	1
DEMO_13611	1
DEMO_13612	1
DEMO_13613	1
DEMO_13614	1
DEMO_13615	1
DEMO_13616	1
DEMO_13617	1
DEMO_13618	1
DEMO_13619	1
DEMO_13620	1
DEMO_13621	1
DEMO_13622	1
DEMO_13623	1
DEMO_13624	1
DEMO_13625	1
DEMO_13626	1
DEMO_13627	1
DEMO_13628	1
DEMO_13629	1
DEMO_13630	1
DEMO_13631	1
DEMO_13632	1
DEMO_13633	1
DEMO_13634	1
DEMO_13635	1
DEMO_13636	1
DEMO_13637	1
DEMO_13638	1
DEMO_13639	1
DEMO_13640	1
DEMO_13641	1
DEMO_13642	1
DEMO_13643	1
DEMO_13644	1
DEMO_13645	1
DEMO_13646	1
DEMO_13647	1
DEMO_13648	1
DEMO_13649	1
DEMO_13650	1
DEMO_13651	1
DEMO_13652	1
DEMO_13653	1
DEMO_13654	1
DEMO_13655	1
DEMO_13656	1
DEMO_13657	1
DEMO_13658	1
DEMO_13659	1
DEMO_13660	1
DEMO_13661	1
DEMO_13662	1
DEMO_13663	1
DEMO_13664	1
DEMO_13665	1
DEMO_13666	1
DEMO_13667	1
DEMO_13668	1
DEMO_13669	1
DEMO_13670	1
DEMO_13671	1
DEMO_13672	1
DEMO_13673	1
DEMO_13674	1
DEMO_13675	1
DEMO_13676	1
DEMO_13677	1
DEMO_13678	1
DEMO_13679	1
DEMO_13680	1
DEMO_13681	1
DEMO_13682	1
DEMO_13683	1
DEMO_13684	1
DEMO_13685	1
DEMO_13686	1
DEMO_13687	1
DEMO_13688	1
DEMO_13689	1
DEMO_13690	1
DEMO_13691	1
DEMO_13692	1
DEMO_13693	1
DEMO_13694	1
DEMO_13695	1
DEMO_13696	1
DEMO_13697	1
DEMO_13698	1
DEMO_13699	1
DEMO_13700	1
DEMO_13701	1
DEMO_13702	1
DEMO_13703	1
DEMO_13704	1
DEMO_13705	1
DEMO_13706	1
DEMO_13707	1
DEMO_13708	1
DEMO_13709	1
DEMO_13710	1
DEMO_13711	1
DEMO_13712	1
DEMO_13713	1
DEMO_13714	1
DEMO_13715	1
DEMO_13716	1
DEMO_13717	1
DEMO_13718	1
DEMO_13719	1
DEMO_13720	1
DEMO_13721	1
DEMO_13722	1
DEMO_13723	1
DEMO_13724	1
DEMO_13725	1
DEMO_13726	1
DEMO_13727	1
DEMO_13728	1
DEMO_13729	1
DEMO_13730	1
DEMO_13731	1
DEMO_13732	1
DEMO_13733	1
DEMO_13734	1
DEMO_13735	1
DEMO_13736	1
DEMO_13737	1
DEMO_13738	1
DEMO_13739	1
DEMO_13740	1
DEMO_13741	1
DEMO_13742	1
DEMO_13743	1
DEMO_13744	1
DEMO_13745	1
DEMO_13746	1
DEMO_13747	1
DEMO_13748	1
DEMO_13749	1
DEMO_13750	1
DEMO_13751	1
DEMO_13752	1
DEMO_13753	1
DEMO_13754	1
DEMO_13755	1
DEMO_13756	1
DEMO_13757	1
DEMO_13758	1
DEMO_13759	1
DEMO_13760	1
DEMO_13761	1
DEMO_13762	1
DEMO_13763	1
DEMO_13764	1
DEMO_13765	1
DEMO_13766	1
DEMO_13767	1
DEMO_13768	1
DEMO_13769	1
DEMO_13770	1
DEMO_13771	1
DEMO_13772	1
DEMO_13773	1
DEMO_13774	1
DEMO_13775	1
DEMO_13776	1
DEMO_13777	1
DEMO_13778	1
DEMO_13779	1
DEMO_13780	1
DEMO_13781	1
DEMO_13782	1
DEMO_13783	1
DEMO_13784	1
DEMO_13785	1
DEMO_13786	1
DEMO_13787	1
DEMO_13788	1
DEMO_13789	1
DEMO_13790	1
DEMO_13791	1
DEMO_13792	1
DEMO_13793	1
DEMO_13794	1
DEMO_13795	1
DEMO_13796	1
DEMO_13797	1
DEMO_13798	1
DEMO_13799	1
DEMO_13800	1
DEMO_13801	1
DEMO_13802	1
DEMO_13803	1
DEMO_13804	1
DEMO_13805	1
DEMO_13806	1
DEMO_13807	1
DEMO_13808	1
DEMO_13809	1
DEMO_13810	1
DEMO_13811	1
DEMO_13812	1
DEMO_13813	1
DEMO_13814	1
DEMO_13815	1
DEMO_13816	1
DEMO_13817	1
DEMO_13818	1
DEMO_13819	1
DEMO_13820	1
DEMO_13821	1
DEMO_13822	1
DEMO_13823	1
DEMO_13824	1
DEMO_13825	1
DEMO_13826	1
DEMO_13827	1
DEMO_13828	1
DEMO_13829	1
DEMO_13830	1
DEMO_13831	1
DEMO_13832	1
DEMO_13833	1
DEMO_13834	1
DEMO_13835	1
DEMO_13836	1
DEMO_13837	1
DEMO_13838	1
DEMO_13839	1
DEMO_13840	1
DEMO_13841	1
DEMO_13842	1
DEMO_13843	1
DEMO_13844	1
DEMO_13845	1
DEMO_13846	1
DEMO_13847	1
DEMO_13848	1
DEMO_13849	1
DEMO_13850	1
DEMO_13851	1
DEMO_13852	1
DEMO_13853	1
DEMO_13854	1
DEMO_13855	1
DEMO_13856	1
DEMO_13857	1
DEMO_13858	1
DEMO_13859	1
DEMO_13860	1
DEMO_13861	1
DEMO_13862	1
DEMO_13863	1
DEMO_13864	1
DEMO_13865	1
DEMO_13866	1
DEMO_13867	1
DEMO_13868	1
DEMO_13869	1
DEMO_13870	1
DEMO_13871	1
DEMO_13872	1
DEMO_13873	1
DEMO_13874	1
DEMO_13875	1
DEMO_13876	1
DEMO_13877	1
DEMO_13878	1
DEMO_13879	1
DEMO_13880	1
DEMO_13881	1
DEMO_13882	1
DEMO_13883	1
DEMO_13884	1
DEMO_13885	1
DEMO_13886	1
DEMO_13887	1
DEMO_13888	1
DEMO_13889	1
DEMO_13890	1
DEMO_13891	1
DEMO_13892	1
DEMO_13893	1
DEMO_13894	1
DEMO_13895	1
DEMO_13896	1
DEMO_13897	1
DEMO_13898	1
DEMO_13899	1
DEMO_13900	1
DEMO_13901	1
DEMO_13902	1
DEMO_13903	1
DEMO_13904	1
DEMO_13905	1
DEMO_13906	1
DEMO_13907	1
DEMO_13908	1
DEMO_13909	1
DEMO_13910	1
DEMO_13911	1
DEMO_13912	1
DEMO_13913	1
DEMO_13914	1
DEMO_13915	1
DEMO_13916	1
DEMO_13917	1
DEMO_13918	1
DEMO_13919	1
DEMO_13920	1
DEMO_13921	1
DEMO_13922	1
DEMO_13923	1
DEMO_13924	1
DEMO_13925	1
DEMO_13926	1
DEMO_13927	1
DEMO_13928	1
DEMO_13929	1
DEMO_13930	1
DEMO_13931	1
DEMO_13932	1
DEMO_13933	1
DEMO_13934	1
DEMO_13935	1
DEMO_13936	1
DEMO_13937	1
DEMO_13938	1
DEMO_13939	1
DEMO_13940	1
DEMO_13941	1
DEMO_13942	1
DEMO_13943	1
DEMO_13944	1
DEMO_13945	1
DEMO_13946	1
DEMO_13947	1
DEMO_13948	1
DEMO_13949	1
DEMO_13950	1
DEMO_13951	1
DEMO_13952	1
DEMO_13953	1
DEMO_13954	1
DEMO_13955	1
DEMO_13956	1
DEMO_13957	1
DEMO_13958	1
DEMO_13959	1
DEMO_13960	1
DEMO_13961	1
DEMO_13962	1
DEMO_13963	1
DEMO_13964	1
DEMO_13965	1
DEMO_13966	1
DEMO_13967	1
DEMO_13968	1
DEMO_13969	1
DEMO_13970	1
DEMO_13971	1
DEMO_13972	1
DEMO_13973	1
DEMO_13974	1
DEMO_13975	1
DEMO_13976	1
DEMO_13977	1
DEMO_13978	1
DEMO_13979	1
DEMO_13980	1
DEMO_13981	1
DEMO_13982	1
DEMO_13983	1
DEMO_13984	1
DEMO_13985	1
DEMO_13986	1
DEMO_13987	1
DEMO_13988	1
DEMO_13989	1
DEMO_13990	1
DEMO_13991	1
DEMO_13992	1
DEMO_13993	1
DEMO_13994	1
DEMO_13995	1
DEMO_13996	1
DEMO_13997	1
DEMO_13998	1
DEMO_13999	1
DEMO_14000	1
DEMO_14001	1
DEMO_14002	1
DEMO_14003	1
DEMO_14004	1
DEMO_14005	1
DEMO_14006	1
DEMO_14007	1
DEMO_14008	1
DEMO_14009	1
DEMO_14010	1
DEMO_14011	1
DEMO_14012	1
DEMO_14013	1
DEMO_14014	1
DEMO_14015	1
DEMO_14016	1
DEMO_14017	1
DEMO_14018	1
DEMO_14019	1
DEMO_14020	1
DEMO_14021	1
DEMO_14022	1
DEMO_14023	1
DEMO_14024	1
DEMO_14025	1
DEMO_14026	1
DEMO_14027	1
DEMO_14028	1
DEMO_14029	1
DEMO_14030	1
DEMO_14031	1
DEMO_14032	1
DEMO_14033	1
DEMO_14034	1
DEMO_14035	1
DEMO_14036	1
DEMO_14037	1
DEMO_14038	1
DEMO_14039	1
DEMO_14040	1
DEMO_14041	1
DEMO_14042	1
DEMO_14043	1
DEMO_14044	1
DEMO_14045	1
DEMO_14046	1
DEMO_14047	1
DEMO_14048	1
DEMO_14049	1
DEMO_14050	1
DEMO_14051	1
DEMO_14052	1
DEMO_14053	1
DEMO_14054	1
DEMO_14055	1
DEMO_14056	1
DEMO_14057	1
DEMO_14058	1
DEMO_14059	1
DEMO_14060	1
DEMO_14061	1
DEMO_14062	1
DEMO_14063	1
DEMO_14064	1
DEMO_14065	1
DEMO_14066	1
DEMO_14067	1
DEMO_14068	1
DEMO_14069	1
DEMO_14070	1
DEMO_14071	1
DEMO_14072	1
DEMO_14073	1
DEMO_14074	1
DEMO_14075	1
DEMO_14076	1
DEMO_14077	1
DEMO_14078	1
DEMO_14079	1
DEMO_14080	1
DEMO_14081	1
DEMO_14082	1
DEMO_14083	1
DEMO_14084	1
DEMO_14085	1
DEMO_14086	1
DEMO_14087	1
DEMO_14088	1
DEMO_14089	1
DEMO_14090	1
DEMO_14091	1
DEMO_14092	1
DEMO_14093	1
DEMO_14094	1
DEMO_14095	1
DEMO_14096	1
DEMO_14097	1
DEMO_14098	1
DEMO_14099	1
DEMO_14100	1
DEMO_14101	1
DEMO_14102	1
DEMO_14103	1
DEMO_14104	1
DEMO_14105	1
DEMO_14106	1
DEMO_14107	1
DEMO_14108	1
DEMO_14109	1
DEMO_14110	1
DEMO_14111	1
DEMO_14112	1
DEMO_14113	1
DEMO_14114	1
DEMO_14115	1
DEMO_14116	1
DEMO_14117	1
DEMO_14118	1
DEMO_14119	1
DEMO_14120	1
DEMO_14121	1
DEMO_14122	1
DEMO_14123	1
DEMO_14124	1
DEMO_14125	1
DEMO_14126	1
DEMO_14127	1
DEMO_14128	1
DEMO_14129	1
DEMO_14130	1
DEMO_14131	1
DEMO_14132	1
DEMO_14133	1
DEMO_14134	1
DEMO_14135	1
DEMO_14136	1
DEMO_14137	1
DEMO_14138	1
DEMO_14139	1
DEMO_14140	1
DEMO_14141	1
DEMO_14142	1
DEMO_14143	1
DEMO_14144	1
DEMO_14145	1
DEMO_14146	1
DEMO_14147	1
DEMO_14148	1
DEMO_14149	1
DEMO_14150	1
DEMO_14151	1
DEMO_14152	1
DEMO_14153	1
DEMO_14154	1
DEMO_14155	1
DEMO_14156	1
DEMO_14157	1
DEMO_14158	1
DEMO_14159	1
DEMO_14160	1
DEMO_14161	1
DEMO_14162	1
DEMO_14163	1
DEMO_14164	1
DEMO_14165	1
DEMO_14166	1
DEMO_14167	1
DEMO_14168	1
DEMO_14169	1
DEMO_14170	1
DEMO_14171	1
DEMO_14172	1
DEMO_14173	1
DEMO_14174	1
DEMO_14175	1
DEMO_14176	1
DEMO_14177	1
DEMO_14178	1
DEMO_14179	1
DEMO_14180	1
DEMO_14181	1
DEMO_14182	1
DEMO_14183	1
DEMO_14184	1
DEMO_14185	1
DEMO_14186	1
DEMO_14187	1
DEMO_14188	1
DEMO_14189	1
DEMO_14190	1
DEMO_14191	1
DEMO_14192	1
DEMO_14193	1
DEMO_14194	1
DEMO_14195	1
DEMO_14196	1
DEMO_14197	1
DEMO_14198	1
DEMO_14199	1
DEMO_14200	1
DEMO_14201	1
DEMO_14202	1
DEMO_14203	1
DEMO_14204	1
DEMO_14205	1
DEMO_14206	1
DEMO_14207	1
DEMO_14208	1
DEMO_14209	1
DEMO_14210	1
DEMO_14211	1
DEMO_14212	1
DEMO_14213	1
DEMO_14214	1
DEMO_14215	1
DEMO_14216	1
DEMO_14217	1
DEMO_14218	1
DEMO_14219	1
DEMO_14220	1
DEMO_14221	1
DEMO_14222	1
DEMO_14223	1
DEMO_14224	1
DEMO_14225	1
DEMO_14226	1
DEMO_14227	1
DEMO_14228	1
DEMO_14229	1
DEMO_14230	1
DEMO_14231	1
DEMO_14232	1
DEMO_14233	1
DEMO_14234	1
DEMO_14235	1
DEMO_14236	1
DEMO_14237	1
DEMO_14238	1
DEMO_14239	1
DEMO_14240	1
DEMO_14241	1
DEMO_14242	1
DEMO_14243	1
DEMO_14244	1
DEMO_14245	1
DEMO_14246	1
DEMO_14247	1
DEMO_14248	1
DEMO_14249	1
DEMO_14250	1
DEMO_14251	1
DEMO_14252	1
DEMO_14253	1
DEMO_14254	1
DEMO_14255	1
DEMO_14256	1
DEMO_14257	1
DEMO_14258	1
DEMO_14259	1
DEMO_14260	1
DEMO_14261	1
DEMO_14262	1
DEMO_14263	1
DEMO_14264	1
DEMO_14265	1
DEMO_14266	1
DEMO_14267	1
DEMO_14268	1
DEMO_14269	1
DEMO_14270	1
DEMO_14271	1
DEMO_14272	1
DEMO_14273	1
DEMO_14274	1
DEMO_14275	1
DEMO_14276	1
DEMO_14277	1
DEMO_14278	1
DEMO_14279	1
DEMO_14280	1
DEMO_14281	1
DEMO_14282	1
DEMO_14283	1
DEMO_14284	1
DEMO_14285	1
DEMO_14286	1
DEMO_14287	1
DEMO_14288	1
DEMO_14289	1
DEMO_14290	1
DEMO_14291	1
DEMO_14292	1
DEMO_14293	1
DEMO_14294	1
DEMO_14295	1
DEMO_14296	1
DEMO_14297	1
DEMO_14298	1
DEMO_14299	1
DEMO_14300	1
DEMO_14301	1
DEMO_14302	1
DEMO_14303	1
DEMO_14304	1
DEMO_14305	1
DEMO_14306	1
DEMO_14307	1
DEMO_14308	1
DEMO_14309	1
DEMO_14310	1
DEMO_14311	1
DEMO_14312	1
DEMO_14313	1
DEMO_14314	1
DEMO_14315	1
DEMO_14316	1
DEMO_14317	1
DEMO_14318	1
DEMO_14319	1
DEMO_14320	1
DEMO_14321	1
DEMO_14322	1
DEMO_14323	1
DEMO_14324	1
DEMO_14325	1
DEMO_14326	1
DEMO_14327	1
DEMO_14328	1
DEMO_14329	1
DEMO_14330	1
DEMO_14331	1
DEMO_14332	1
DEMO_14333	1
DEMO_14334	1
DEMO_14335	1
DEMO_14336	1
DEMO_14337	1
DEMO_14338	1
DEMO_14339	1
DEMO_14340	1
DEMO_14341	1
DEMO_14342	1
DEMO_14343	1
DEMO_14344	1
DEMO_14345	1
DEMO_14346	1
DEMO_14347	1
DEMO_14348	1
DEMO_14349	1
DEMO_14350	1
DEMO_14351	1
DEMO_14352	1
DEMO_14353	1
DEMO_14354	1
DEMO_14355	1
DEMO_14356	1
DEMO_14357	1
DEMO_14358	1
DEMO_14359	1
DEMO_14360	1
DEMO_14361	1
DEMO_14362	1
DEMO_14363	1
DEMO_14364	1
DEMO_14365	1
DEMO_14366	1
DEMO_14367	1
DEMO_14368	1
DEMO_14369	1
DEMO_14370	1
DEMO_14371	1
DEMO_14372	1
DEMO_14373	1
DEMO_14374	1
DEMO_14375	1
DEMO_14376	1
DEMO_14377	1
DEMO_14378	1
DEMO_14379	1
DEMO_14380	1
DEMO_14381	1
DEMO_14382	1
DEMO_14383	1
DEMO_14384	1
DEMO_14385	1
DEMO_14386	1
DEMO_14387	1
DEMO_14388	1
DEMO_14389	1
DEMO_14390	1
DEMO_14391	1
DEMO_14392	1
DEMO_14393	1
DEMO_14394	1
DEMO_14395	1
DEMO_14396	1
DEMO_14397	1
DEMO_14398	1
DEMO_14399	1
DEMO_14400	1
DEMO_14401	1
DEMO_14402	1
DEMO_14403	1
DEMO_14404	1
DEMO_14405	1
DEMO_14406	1
DEMO_14407	1
DEMO_14408	1
DEMO_14409	1
DEMO_14410	1
DEMO_14411	1
DEMO_14412	1
DEMO_14413	1
DEMO_14414	1
DEMO_14415	1
DEMO_14416	1
DEMO_14417	1
DEMO_14418	1
DEMO_14419	1
DEMO_14420	1
DEMO_14421	1
DEMO_14422	1
DEMO_14423	1
DEMO_14424	1
DEMO_14425	1
DEMO_14426	1
DEMO_14427	1
DEMO_14428	1
DEMO_14429	1
DEMO_14430	1
DEMO_14431	1
DEMO_14432	1
DEMO_14433	1
DEMO_14434	1
DEMO_14435	1
DEMO_14436	1
DEMO_14437	1
DEMO_14438	1
DEMO_14439	1
DEMO_14440	1
DEMO_14441	1
DEMO_14442	1
DEMO_14443	1
DEMO_14444	1
DEMO_14445	1
DEMO_14446	1
DEMO_14447	1
DEMO_14448	1
DEMO_14449	1
DEMO_14450	1
DEMO_14451	1
DEMO_14452	1
DEMO_14453	1
DEMO_14454	1
DEMO_14455	1
DEMO_14456	1
DEMO_14457	1
DEMO_14458	1
DEMO_14459	1
DEMO_14460	1
DEMO_14461	1
DEMO_14462	1
DEMO_14463	1
DEMO_14464	1
DEMO_14465	1
DEMO_14466	1
DEMO_14467	1
DEMO_14468	1
DEMO_14469	1
DEMO_14470	1
DEMO_14471	1
DEMO_14472	1
DEMO_14473	1
DEMO_14474	1
DEMO_14475	1
DEMO_14476	1
DEMO_14477	1
DEMO_14478	1
DEMO_14479	1
DEMO_14480	1
DEMO_14481	1
DEMO_14482	1
DEMO_14483	1
DEMO_14484	1
DEMO_14485	1
DEMO_14486	1
DEMO_14487	1
DEMO_14488	1
DEMO_14489	1
DEMO_14490	1
DEMO_14491	1
DEMO_14492	1
DEMO_14493	1
DEMO_14494	1
DEMO_14495	1
DEMO_14496	1
DEMO_14497	1
DEMO_14498	1
DEMO_14499	1
DEMO_14500	1
DEMO_14501	1
DEMO_14502	1
DEMO_14503	1
DEMO_14504	1
DEMO_14505	1
DEMO_14506	1
DEMO_14507	1
DEMO_14508	1
DEMO_14509	1
DEMO_14510	1
DEMO_14511	1
DEMO_14512	1
DEMO_14513	1
DEMO_14514	1
DEMO_14515	1
DEMO_14516	1
DEMO_14517	1
DEMO_14518	1
DEMO_14519	1
DEMO_14520	1
DEMO_14521	1
DEMO_14522	1
DEMO_14523	1
DEMO_14524	1
DEMO_14525	1
DEMO_14526	1
DEMO_14527	1
DEMO_14528	1
DEMO_14529	1
DEMO_14530	1
DEMO_14531	1
DEMO_14532	1
DEMO_14533	1
DEMO_14534	1
DEMO_14535	1
DEMO_14536	1
DEMO_14537	1
DEMO_14538	1
DEMO_14539	1
DEMO_14540	1
DEMO_14541	1
DEMO_14542	1
DEMO_14543	1
DEMO_14544	1
DEMO_14545	1
DEMO_14546	1
DEMO_14547	1
DEMO_14548	1
DEMO_14549	1
DEMO_14550	1
DEMO_14551	1
DEMO_14552	1
DEMO_14553	1
DEMO_14554	1
DEMO_14555	1
DEMO_14556	1
DEMO_14557	1
DEMO_14558	1
DEMO_14559	1
DEMO_14560	1
DEMO_14561	1
DEMO_14562	1
DEMO_14563	1
DEMO_14564	1
DEMO_14565	1
DEMO_14566	1
DEMO_14567	1
DEMO_14568	1
DEMO_14569	1
DEMO_14570	1
DEMO_14571	1
DEMO_14572	1
DEMO_14573	1
DEMO_14574	1
DEMO_14575	1
DEMO_14576	1
DEMO_14577	1
DEMO_14578	1
DEMO_14579	1
DEMO_14580	1
DEMO_14581	1
DEMO_14582	1
DEMO_14583	1
DEMO_14584	1
DEMO_14585	1
DEMO_14586	1
DEMO_14587	1
DEMO_14588	1
DEMO_14589	1
DEMO_14590	1
DEMO_14591	1
DEMO_14592	1
DEMO_14593	1
DEMO_14594	1
DEMO_14595	1
DEMO_14596	1
DEMO_14597	1
DEMO_14598	1
DEMO_14599	1
DEMO_14600	1
DEMO_14601	1
DEMO_14602	1
DEMO_14603	1
DEMO_14604	1
DEMO_14605	1
DEMO_14606	1
DEMO_14607	1
DEMO_14608	1
DEMO_14609	1
DEMO_14610	1
DEMO_14611	1
DEMO_14612	1
DEMO_14613	1
DEMO_14614	1
DEMO_14615	1
DEMO_14616	1
DEMO_14617	1
DEMO_14618	1
DEMO_14619	1
DEMO_14620	1
DEMO_14621	1
DEMO_14622	1
DEMO_14623	1
DEMO_14624	1
DEMO_14625	1
DEMO_14626	1
DEMO_14627	1
DEMO_14628	1
DEMO_14629	1
DEMO_14630	1
DEMO_14631	1
DEMO_14632	1
DEMO_14633	1
DEMO_14634	1
DEMO_14635	1
DEMO_14636	1
DEMO_14637	1
DEMO_14638	1
DEMO_14639	1
DEMO_14640	1
DEMO_14641	1
DEMO_14642	1
DEMO_14643	1
DEMO_14644	1
DEMO_14645	1
DEMO_14646	1
DEMO_14647	1
DEMO_14648	1
DEMO_14649	1
DEMO_14650	1
DEMO_14651	1
DEMO_14652	1
DEMO_14653	1
DEMO_14654	1
DEMO_14655	1
DEMO_14656	1
DEMO_14657	1
DEMO_14658	1
DEMO_14659	1
DEMO_14660	1
DEMO_14661	1
DEMO_14662	1
DEMO_14663	1
DEMO_14664	1
DEMO_14665	1
DEMO_14666	1
DEMO_14667	1
DEMO_14668	1
DEMO_14669	1
DEMO_14670	1
DEMO_14671	1
DEMO_14672	1
DEMO_14673	1
DEMO_14674	1
DEMO_14675	1
DEMO_14676	1
DEMO_14677	1
DEMO_14678	1
DEMO_14679	1
DEMO_14680	1
DEMO_14681	1
DEMO_14682	1
DEMO_14683	1
DEMO_14684	1
DEMO_14685	1
DEMO_14686	1
DEMO_14687	1
DEMO_14688	1
DEMO_14689	1
DEMO_14690	1
DEMO_14691	1
DEMO_14692	1
DEMO_14693	1
DEMO_14694	1
DEMO_14695	1
DEMO_14696	1
DEMO_14697	1
DEMO_14698	1
DEMO_14699	1
DEMO_14700	1
DEMO_14701	1
DEMO_14702	1
DEMO_14703	1
DEMO_14704	1
DEMO_14705	1
DEMO_14706	1
DEMO_14707	1
DEMO_14708	1
DEMO_14709	1
DEMO_14710	1
DEMO_14711	1
DEMO_14712	1
DEMO_14713	1
DEMO_14714	1
DEMO_14715	1
DEMO_14716	1
DEMO_14717	1
DEMO_14718	1
DEMO_14719	1
DEMO_14720	1
DEMO_14721	1
DEMO_14722	1
DEMO_14723	1
DEMO_14724	1
DEMO_14725	1
DEMO_14726	1
DEMO_14727	1
DEMO_14728	1
DEMO_14729	1
DEMO_14730	1
DEMO_14731	1
DEMO_14732	1
DEMO_14733	1
DEMO_14734	1
DEMO_14735	1
DEMO_14736	1
DEMO_14737	1
DEMO_14738	1
DEMO_14739	1
DEMO_14740	1
DEMO_14741	1
DEMO_14742	1
DEMO_14743	1
DEMO_14744	1
DEMO_14745	1
DEMO_14746	1
DEMO_14747	1
DEMO_14748	1
DEMO_14749	1
DEMO_14750	1
DEMO_14751	1
DEMO_14752	1
DEMO_14753	1
DEMO_14754	1
DEMO_14755	1
DEMO_14756	1
DEMO_14757	1
DEMO_14758	1
DEMO_14759	1
DEMO_14760	1
DEMO_14761	1
DEMO_14762	1
DEMO_14763	1
DEMO_14764	1
DEMO_14765	1
DEMO_14766	1
DEMO_14767	1
DEMO_14768	1
DEMO_14769	1
DEMO_14770	1
DEMO_14771	1
DEMO_14772	1
DEMO_14773	1
DEMO_14774	1
DEMO_14775	1
DEMO_14776	1
DEMO_14777	1
DEMO_14778	1
DEMO_14779	1
DEMO_14780	1
DEMO_14781	1
DEMO_14782	1
DEMO_14783	1
DEMO_14784	1
DEMO_14785	1
DEMO_14786	1
DEMO_14787	1
DEMO_14788	1
DEMO_14789	1
DEMO_14790	1
DEMO_14791	1
DEMO_14792	1
DEMO_14793	1
DEMO_14794	1
DEMO_14795	1
DEMO_14796	1
DEMO_14797	1
DEMO_14798	1
DEMO_14799	1
DEMO_14800	1
DEMO_14801	1
DEMO_14802	1
DEMO_14803	1
DEMO_14804	1
DEMO_14805	1
DEMO_14806	1
DEMO_14807	1
DEMO_14808	1
DEMO_14809	1
DEMO_14810	1
DEMO_14811	1
DEMO_14812	1
DEMO_14813	1
DEMO_14814	1
DEMO_14815	1
DEMO_14816	1
DEMO_14817	1
DEMO_14818	1
DEMO_14819	1
DEMO_14820	1
DEMO_14821	1
DEMO_14822	1
DEMO_14823	1
DEMO_14824	1
DEMO_14825	1
DEMO_14826	1
DEMO_14827	1
DEMO_14828	1
DEMO_14829	1
DEMO_14830	1
DEMO_14831	1
DEMO_14832	1
DEMO_14833	1
DEMO_14834	1
DEMO_14835	1
DEMO_14836	1
DEMO_14837	1
DEMO_14838	1
DEMO_14839	1
DEMO_14840	1
DEMO_14841	1
DEMO_14842	1
DEMO_14843	1
DEMO_14844	1
DEMO_14845	1
DEMO_14846	1
DEMO_14847	1
DEMO_14848	1
DEMO_14849	1
DEMO_14850	1
DEMO_14851	1
DEMO_14852	1
DEMO_14853	1
DEMO_14854	1
DEMO_14855	1
DEMO_14856	1
DEMO_14857	1
DEMO_14858	1
DEMO_14859	1
DEMO_14860	1
DEMO_14861	1
DEMO_14862	1
DEMO_14863	1
DEMO_14864	1
DEMO_14865	1
DEMO_14866	1
DEMO_14867	1
DEMO_14868	1
DEMO_14869	1
DEMO_14870	1
DEMO_14871	1
DEMO_14872	1
DEMO_14873	1
DEMO_14874	1
DEMO_14875	1
DEMO_14876	1
DEMO_14877	1
DEMO_14878	1
DEMO_14879	1
DEMO_14880	1
DEMO_14881	1
DEMO_14882	1
DEMO_14883	1
DEMO_14884	1
DEMO_14885	1
DEMO_14886	1
DEMO_14887	1
DEMO_14888	1
DEMO_14889	1
DEMO_14890	1
DEMO_14891	1
DEMO_14892	1
DEMO_14893	1
DEMO_14894	1
DEMO_14895	1
DEMO_14896	1
DEMO_14897	1
DEMO_14898	1
DEMO_14899	1
DEMO_14900	1
DEMO_14901	1
DEMO_14902	1
DEMO_14903	1
DEMO_14904	1
DEMO_14905	1
DEMO_14906	1
DEMO_14907	1
DEMO_14908	1
DEMO_14909	1
DEMO_14910	1
DEMO_14911	1
DEMO_14912	1
DEMO_14913	1
DEMO_14914	1
DEMO_14915	1
DEMO_14916	1
DEMO_14917	1
DEMO_14918	1
DEMO_14919	1
DEMO_14920	1
DEMO_14921	1
DEMO_14922	1
DEMO_14923	1
DEMO_14924	1
DEMO_14925	1
DEMO_14926	1
DEMO_14927	1
DEMO_14928	1
DEMO_14929	1
DEMO_14930	1
DEMO_14931	1
DEMO_14932	1
DEMO_14933	1
DEMO_14934	1
DEMO_14935	1
DEMO_14936	1
DEMO_14937	1
DEMO_14938	1
DEMO_14939	1
DEMO_14940	1
DEMO_14941	1
DEMO_14942	1
DEMO_14943	1
DEMO_14944	1
DEMO_14945	1
DEMO_14946	1
DEMO_14947	1
DEMO_14948	1
DEMO_14949	1
DEMO_14950	1
DEMO_14951	1
DEMO_14952	1
DEMO_14953	1
DEMO_14954	1
DEMO_14955	1
DEMO_14956	1
DEMO_14957	1
DEMO_14958	1
DEMO_14959	1
DEMO_14960	1
DEMO_14961	1
DEMO_14962	1
DEMO_14963	1
DEMO_14964	1
DEMO_14965	1
DEMO_14966	1
DEMO_14967	1
DEMO_14968	1
DEMO_14969	1
DEMO_14970	1
DEMO_14971	1
DEMO_14972	1
DEMO_14973	1
DEMO_14974	1
DEMO_14975	1
DEMO_14976	1
DEMO_14977	1
DEMO_14978	1
DEMO_14979	1
DEMO_14980	1
DEMO_14981	1
DEMO_14982	1
DEMO_14983	1
DEMO_14984	1
DEMO_14985	1
DEMO_14986	1
DEMO_14987	1
DEMO_14988	1
DEMO_14989	1
DEMO_14990	1
DEMO_14991	1
DEMO_14992	1
DEMO_14993	1
DEMO_14994	1
DEMO_14995	1
DEMO_14996	1
DEMO_14997	1
DEMO_14998	1
DEMO_14999	1
DEMO_15000	1
DEMO_15001	1
DEMO_15002	1
DEMO_15003	1
DEMO_15004	1
DEMO_15005	1
DEMO_15006	1
DEMO_15007	1
DEMO_15008	1
DEMO_15009	1
DEMO_15010	1
DEMO_15011	1
DEMO_15012	1
DEMO_15013	1
DEMO_15014	1
DEMO_15015	1
DEMO_15016	1
DEMO_15017	1
DEMO_15018	1
DEMO_15019	1
DEMO_15020	1
DEMO_15021	1
DEMO_15022	1
DEMO_15023	1
DEMO_15024	1
DEMO_15025	1
DEMO_15026	1
DEMO_15027	1
DEMO_15028	1
DEMO_15029	1
DEMO_15030	1
DEMO_15031	1
DEMO_15032	1
DEMO_15033	1
DEMO_15034	1
DEMO_15035	1
DEMO_15036	1
DEMO_15037	1
DEMO_15038	1
DEMO_15039	1
DEMO_15040	1
DEMO_15041	1
DEMO_15042	1
DEMO_15043	1
DEMO_15044	1
DEMO_15045	1
DEMO_15046	1
DEMO_15047	1
DEMO_15048	1
DEMO_15049	1
DEMO_15050	1
DEMO_15051	1
DEMO_15052	1
DEMO_15053	1
DEMO_15054	1
DEMO_15055	1
DEMO_15056	1
DEMO_15057	1
DEMO_15058	1
DEMO_15059	1
DEMO_15060	1
DEMO_15061	1
DEMO_15062	1
DEMO_15063	1
DEMO_15064	1
DEMO_15065	1
DEMO_15066	1
DEMO_15067	1
DEMO_15068	1
DEMO_15069	1
DEMO_15070	1
DEMO_15071	1
DEMO_15072	1
DEMO_15073	1
DEMO_15074	1
DEMO_15075	1
DEMO_15076	1
DEMO_15077	1
DEMO_15078	1
DEMO_15079	1
DEMO_15080	1
DEMO_15081	1
DEMO_15082	1
DEMO_15083	1
DEMO_15084	1
DEMO_15085	1
DEMO_15086	1
DEMO_15087	1
DEMO_15088	1
DEMO_15089	1
DEMO_15090	1
DEMO_15091	1
DEMO_15092	1
DEMO_15093	1
DEMO_15094	1
DEMO_15095	1
DEMO_15096	1
DEMO_15097	1
DEMO_15098	1
DEMO_15099	1
DEMO_15100	1
DEMO_15101	1
DEMO_15102	1
DEMO_15103	1
DEMO_15104	1
DEMO_15105	1
DEMO_15106	1
DEMO_15107	1
DEMO_15108	1
DEMO_15109	1
DEMO_15110	1
DEMO_15111	1
DEMO_15112	1
DEMO_15113	1
DEMO_15114	1
DEMO_15115	1
DEMO_15116	1
DEMO_15117	1
DEMO_15118	1
DEMO_15119	1
DEMO_15120	1
DEMO_15121	1
DEMO_15122	1
DEMO_15123	1
DEMO_15124	1
DEMO_15125	1
DEMO_15126	1
DEMO_15127	1
DEMO_15128	1
DEMO_15129	1
DEMO_15130	1
DEMO_15131	1
DEMO_15132	1
DEMO_15133	1
DEMO_15134	1
DEMO_15135	1
DEMO_15136	1
DEMO_15137	1
DEMO_15138	1
DEMO_15139	1
DEMO_15140	1
DEMO_15141	1
DEMO_15142	1
DEMO_15143	1
DEMO_15144	1
DEMO_15145	1
DEMO_15146	1
DEMO_15147	1
DEMO_15148	1
DEMO_15149	1
DEMO_15150	1
DEMO_15151	1
DEMO_15152	1
DEMO_15153	1
DEMO_15154	1
DEMO_15155	1
DEMO_15156	1
DEMO_15157	1
DEMO_15158	1
DEMO_15159	1
DEMO_15160	1
DEMO_15161	1
DEMO_15162	1
DEMO_15163	1
DEMO_15164	1
DEMO_15165	1
DEMO_15166	1
DEMO_15167	1
DEMO_15168	1
DEMO_15169	1
DEMO_15170	1
DEMO_15171	1
DEMO_15172	1
DEMO_15173	1
DEMO_15174	1
DEMO_15175	1
DEMO_15176	1
DEMO_15177	1
DEMO_15178	1
DEMO_15179	1
DEMO_15180	1
DEMO_15181	1
DEMO_15182	1
DEMO_15183	1
DEMO_15184	1
DEMO_15185	1
DEMO_15186	1
DEMO_15187	1
DEMO_15188	1
DEMO_15189	1
DEMO_15190	1
DEMO_15191	1
DEMO_15192	1
DEMO_15193	1
DEMO_15194	1
DEMO_15195	1
DEMO_15196	1
DEMO_15197	1
DEMO_15198	1
DEMO_15199	1
DEMO_15200	1
DEMO_15201	1
DEMO_15202	1
DEMO_15203	1
DEMO_15204	1
DEMO_15205	1
DEMO_15206	1
DEMO_15207	1
DEMO_15208	1
DEMO_15209	1
DEMO_15210	1
DEMO_15211	1
DEMO_15212	1
DEMO_15213	1
DEMO_15214	1
DEMO_15215	1
DEMO_15216	1
DEMO_15217	1
DEMO_15218	1
DEMO_15219	1
DEMO_15220	1
DEMO_15221	1
DEMO_15222	1
DEMO_15223	1
DEMO_15224	1
DEMO_15225	1
DEMO_15226	1
DEMO_15227	1
DEMO_15228	1
DEMO_15229	1
DEMO_15230	1
DEMO_15231	1
DEMO_15232	1
DEMO_15233	1
DEMO_15234	1
DEMO_15235	1
DEMO_15236	1
DEMO_15237	1
DEMO_15238	1
DEMO_15239	1
DEMO_15240	1
DEMO_15241	1
DEMO_15242	1
DEMO_15243	1
DEMO_15244	1
DEMO_15245	1
DEMO_15246	1
DEMO_15247	1
DEMO_15248	1
DEMO_15249	1
DEMO_15250	1
DEMO_15251	1
DEMO_15252	1
DEMO_15253	1
DEMO_15254	1
DEMO_15255	1
DEMO_15256	1
DEMO_15257	1
DEMO_15258	1
DEMO_15259	1
DEMO_15260	1
DEMO_15261	1
DEMO_15262	1
DEMO_15263	1
DEMO_15264	1
DEMO_15265	1
DEMO_15266	1
DEMO_15267	1
DEMO_15268	1
DEMO_15269	1
DEMO_15270	1
DEMO_15271	1
DEMO_15272	1
DEMO_15273	1
DEMO_15274	1
DEMO_15275	1
DEMO_15276	1
DEMO_15277	1
DEMO_15278	1
DEMO_15279	1
DEMO_15280	1
DEMO_15281	1
DEMO_15282	1
DEMO_15283	1
DEMO_15284	1
DEMO_15285	1
DEMO_15286	1
DEMO_15287	1
DEMO_15288	1
DEMO_15289	1
DEMO_15290	1
DEMO_15291	1
DEMO_15292	1
DEMO_15293	1
DEMO_15294	1
DEMO_15295	1
DEMO_15296	1
DEMO_15297	1
DEMO_15298	1
DEMO_15299	1
DEMO_15300	1
DEMO_15301	1
DEMO_15302	1
DEMO_15303	1
DEMO_15304	1
DEMO_15305	1
DEMO_15306	1
DEMO_15307	1
DEMO_15308	1
DEMO_15309	1
DEMO_15310	1
DEMO_15311	1
DEMO_15312	1
DEMO_15313	1
DEMO_15314	1
DEMO_15315	1
DEMO_15316	1
DEMO_15317	1
DEMO_15318	1
DEMO_15319	1
DEMO_15320	1
DEMO_15321	1
DEMO_15322	1
DEMO_15323	1
DEMO_15324	1
DEMO_15325	1
DEMO_15326	1
DEMO_15327	1
DEMO_15328	1
DEMO_15329	1
DEMO_15330	1
DEMO_15331	1
DEMO_15332	1
DEMO_15333	1
DEMO_15334	1
DEMO_15335	1
DEMO_15336	1
DEMO_15337	1
DEMO_15338	1
DEMO_15339	1
DEMO_15340	1
DEMO_15341	1
DEMO_15342	1
DEMO_15343	1
DEMO_15344	1
DEMO_15345	1
DEMO_15346	1
DEMO_15347	1
DEMO_15348	1
DEMO_15349	1
DEMO_15350	1
DEMO_15351	1
DEMO_15352	1
DEMO_15353	1
DEMO_15354	1
DEMO_15355	1
DEMO_15356	1
DEMO_15357	1
DEMO_15358	1
DEMO_15359	1
DEMO_15360	1
DEMO_15361	1
DEMO_15362	1
DEMO_15363	1
DEMO_15364	1
DEMO_15365	1
DEMO_15366	1
DEMO_15367	1
DEMO_15368	1
DEMO_15369	1
DEMO_15370	1
DEMO_15371	1
DEMO_15372	1
DEMO_15373	1
DEMO_15374	1
DEMO_15375	1
DEMO_15376	1
DEMO_15377	1
DEMO_15378	1
DEMO_15379	1
DEMO_15380	1
DEMO_15381	1
DEMO_15382	1
DEMO_15383	1
DEMO_15384	1
DEMO_15385	1
DEMO_15386	1
DEMO_15387	1
DEMO_15388	1
DEMO_15389	1
DEMO_15390	1
DEMO_15391	1
DEMO_15392	1
DEMO_15393	1
DEMO_15394	1
DEMO_15395	1
DEMO_15396	1
DEMO_15397	1
DEMO_15398	1
DEMO_15399	1
DEMO_15400	1
DEMO_15401	1
DEMO_15402	1
DEMO_15403	1
DEMO_15404	1
DEMO_15405	1
DEMO_15406	1
DEMO_15407	1
DEMO_15408	1
DEMO_15409	1
DEMO_15410	1
DEMO_15411	1
DEMO_15412	1
DEMO_15413	1
DEMO_15414	1
DEMO_15415	1
DEMO_15416	1
DEMO_15417	1
DEMO_15418	1
DEMO_15419	1
DEMO_15420	1
DEMO_15421	1
DEMO_15422	1
DEMO_15423	1
DEMO_15424	1
DEMO_15425	1
DEMO_15426	1
DEMO_15427	1
DEMO_15428	1
DEMO_15429	1
DEMO_15430	1
DEMO_15431	1
DEMO_15432	1
DEMO_15433	1
DEMO_15434	1
DEMO_15435	1
DEMO_15436	1
DEMO_15437	1
DEMO_15438	1
DEMO_15439	1
DEMO_15440	1
DEMO_15441	1
DEMO_15442	1
DEMO_15443	1
DEMO_15444	1
DEMO_15445	1
DEMO_15446	1
DEMO_15447	1
DEMO_15448	1
DEMO_15449	1
DEMO_15450	1
DEMO_15451	1
DEMO_15452	1
DEMO_15453	1
DEMO_15454	1
DEMO_15455	1
DEMO_15456	1
DEMO_15457	1
DEMO_15458	1
DEMO_15459	1
DEMO_15460	1
DEMO_15461	1
DEMO_15462	1
DEMO_15463	1
DEMO_15464	1
DEMO_15465	1
DEMO_15466	1
DEMO_15467	1
DEMO_15468	1
DEMO_15469	1
DEMO_15470	1
DEMO_15471	1
DEMO_15472	1
DEMO_15473	1
DEMO_15474	1
DEMO_15475	1
DEMO_15476	1
DEMO_15477	1
DEMO_15478	1
DEMO_15479	1
DEMO_15480	1
DEMO_15481	1
DEMO_15482	1
DEMO_15483	1
DEMO_15484	1
DEMO_15485	1
DEMO_15486	1
DEMO_15487	1
DEMO_15488	1
DEMO_15489	1
DEMO_15490	1
DEMO_15491	1
DEMO_15492	1
DEMO_15493	1
DEMO_15494	1
DEMO_15495	1
DEMO_15496	1
DEMO_15497	1
DEMO_15498	1
DEMO_15499	1
DEMO_15500	1
DEMO_15501	1
DEMO_15502	1
DEMO_15503	1
DEMO_15504	1
DEMO_15505	1
DEMO_15506	1
DEMO_15507	1
DEMO_15508	1
DEMO_15509	1
DEMO_15510	1
DEMO_15511	1
DEMO_15512	1
DEMO_15513	1
DEMO_15514	1
DEMO_15515	1
DEMO_15516	1
DEMO_15517	1
DEMO_15518	1
DEMO_15519	1
DEMO_15520	1
DEMO_15521	1
DEMO_15522	1
DEMO_15523	1
DEMO_15524	1
DEMO_15525	1
DEMO_15526	1
DEMO_15527	1
DEMO_15528	1
DEMO_15529	1
DEMO_15530	1
DEMO_15531	1
DEMO_15532	1
DEMO_15533	1
DEMO_15534	1
DEMO_15535	1
DEMO_15536	1
DEMO_15537	1
DEMO_15538	1
DEMO_15539	1
DEMO_15540	1
DEMO_15541	1
DEMO_15542	1
DEMO_15543	1
DEMO_15544	1
DEMO_15545	1
DEMO_15546	1
DEMO_15547	1
DEMO_15548	1
DEMO_15549	1
DEMO_15550	1
DEMO_15551	1
DEMO_15552	1
DEMO_15553	1
DEMO_15554	1
DEMO_15555	1
DEMO_15556	1
DEMO_15557	1
DEMO_15558	1
DEMO_15559	1
DEMO_15560	1
DEMO_15561	1
DEMO_15562	1
DEMO_15563	1
DEMO_15564	1
DEMO_15565	1
DEMO_15566	1
DEMO_15567	1
DEMO_15568	1
DEMO_15569	1
DEMO_15570	1
DEMO_15571	1
DEMO_15572	1
DEMO_15573	1
DEMO_15574	1
DEMO_15575	1
DEMO_15576	1
DEMO_15577	1
DEMO_15578	1
DEMO_15579	1
DEMO_15580	1
DEMO_15581	1
DEMO_15582	1
DEMO_15583	1
DEMO_15584	1
DEMO_15585	1
DEMO_15586	1
DEMO_15587	1
DEMO_15588	1
DEMO_15589	1
DEMO_15590	1
DEMO_15591	1
DEMO_15592	1
DEMO_15593	1
DEMO_15594	1
DEMO_15595	1
DEMO_15596	1
DEMO_15597	1
DEMO_15598	1
DEMO_15599	1
DEMO_15600	1
